irn|ColObjectNumber|ColDepartment|ColCollection|ColSubCollection|SpeNumberSpecimens|ClaObjectName_tab|ColOtherName|ColPhysicalDescription|NarNarrative|GeoAge|GeoZone|GeoRock|ComName_tab|SciName|IdeDateIdentified|ColSum|ColCollectionDates|LocalSum|LocalPrecise|DimHeight|DimLength|DimWidth|DimDepth|DimDiameter|InsType|MulDescription|NumMulFiles
126098|NEWHM : HANM.2.849|Natural Sciences|Palaeobiology|GNM: Hancock Temporary Numbers|1|Mitridae||Mitridae.|||||||||||||||||||1
130609|NEWHM : HANM.3.359|Natural Sciences|Palaeobiology|GNM: Hancock Temporary Numbers|1|fossil mammal|auroch|Fossilised skull.|||||Auroch| : : : :|||||||||||||1
134031|NEWHM : HANM.3.3802|Natural Sciences|Palaeobiology|GNM: Hancock Temporary Numbers|1|fossil fish||Acentrophorus glaphyrus.|||||||||||||||||||1
134039|NEWHM : HANM.3.3812|Natural Sciences|Palaeobiology|GNM: Hancock Temporary Numbers|1|unidentified specimen|marl slate|Unidentified specimen.|||||||||||||||||||1
134041|NEWHM : HANM.3.3814|Natural Sciences|Palaeobiology|GNM: Hancock Temporary Numbers|1|unidentified specimen||Unidentified specimen.|||||||||||||||||||1
134051|NEWHM : HANM.3.3824|Natural Sciences|Palaeobiology|GNM: Hancock Temporary Numbers|1|unidentified specimen||Unidentified specimen.|||||||||||||||||||1
134052|NEWHM : HANM.3.3825|Natural Sciences|Palaeobiology|GNM: Hancock Temporary Numbers|1|unidentified specimen||Unidentified specimen.|||||||||||||||||||1
134053|NEWHM : HANM.3.3826|Natural Sciences|Palaeobiology|GNM: Hancock Temporary Numbers|1|unidentified specimen||Unidentified specimen.|||||||||||||||||||1
134054|NEWHM : HANM.3.3827|Natural Sciences|Palaeobiology|GNM: Hancock Temporary Numbers|1|unidentified specimen||Unidentified specimen.|||||||||||||||||||1
134055|NEWHM : HANM.3.3828|Natural Sciences|Palaeobiology|GNM: Hancock Temporary Numbers|1|unidentified specimen||Unidentified specimen.|||||||||||||||||||1
134056|NEWHM : HANM.3.3829|Natural Sciences|Palaeobiology|GNM: Hancock Temporary Numbers|1|unidentified specimen||Unidentified specimen.|||||||||||||||||||1
134057|NEWHM : HANM.3.3830|Natural Sciences|Palaeobiology|GNM: Hancock Temporary Numbers|1|unidentified specimen||Unidentified specimen.|||||||||||||||||||1
134058|NEWHM : HANM.3.3831|Natural Sciences|Palaeobiology|GNM: Hancock Temporary Numbers|1|unidentified specimen||Unidentified specimen.|||||||||||||||||||1
134059|NEWHM : HANM.3.3832|Natural Sciences|Palaeobiology|GNM: Hancock Temporary Numbers|1|unidentified specimen||Unidentified specimen.|||||||||||||||||||1
134060|NEWHM : HANM.3.3833|Natural Sciences|Palaeobiology|GNM: Hancock Temporary Numbers|1|unidentified specimen||Unidentified specimen.|||||||||||||||||||1
134061|NEWHM : HANM.3.3834|Natural Sciences|Palaeobiology|GNM: Hancock Temporary Numbers|1|unidentified specimen||Unidentified specimen.|||||||||||||||||||1
134062|NEWHM : HANM.3.3835|Natural Sciences|Palaeobiology|GNM: Hancock Temporary Numbers|1|unidentified specimen||Unidentified specimen.|||||||||||||||||||1
134063|NEWHM : HANM.3.3836|Natural Sciences|Palaeobiology|GNM: Hancock Temporary Numbers|1|unidentified specimen||Unidentified specimen.|||||||||||||||||||1
134064|NEWHM : HANM.3.3838|Natural Sciences|Palaeobiology|GNM: Hancock Temporary Numbers|1|unidentified specimen||Unidentified specimen.|||||||||||||||||||1
134065|NEWHM : HANM.3.3839|Natural Sciences|Palaeobiology|GNM: Hancock Temporary Numbers|1|unidentified specimen||Unidentified specimen.|||||||||||||||||||1
134066|NEWHM : HANM.3.3840|Natural Sciences|Palaeobiology|GNM: Hancock Temporary Numbers|1|unidentified specimen||Unidentified specimen.|||||||||||||||||||1
134067|NEWHM : HANM.3.3841|Natural Sciences|Palaeobiology|GNM: Hancock Temporary Numbers|1|unidentified specimen||Unidentified specimen.|||||||||||||||||||1
134068|NEWHM : HANM.3.3842|Natural Sciences|Palaeobiology|GNM: Hancock Temporary Numbers|1|unidentified specimen||Unidentified specimen.|||||||||||||||||||1
134069|NEWHM : HANM.3.3843|Natural Sciences|Palaeobiology|GNM: Hancock Temporary Numbers|1|unidentified specimen||Unidentified specimen.|||||||||||||||||||1
134070|NEWHM : HANM.3.3844|Natural Sciences|Palaeobiology|GNM: Hancock Temporary Numbers|1|unidentified specimen||Unidentified specimen.|||||||||||||||||||1
134071|NEWHM : HANM.3.3845|Natural Sciences|Palaeobiology|GNM: Hancock Temporary Numbers|1|unidentified specimen||Unidentified specimen.|||||||||||||||||||1
134072|NEWHM : HANM.3.3846|Natural Sciences|Palaeobiology|GNM: Hancock Temporary Numbers|1|unidentified specimen||Unidentified specimen.|||||||||||||||||||1
134073|NEWHM : HANM.3.3847|Natural Sciences|Palaeobiology|GNM: Hancock Temporary Numbers|1|unidentified specimen||Unidentified specimen.|||||||||||||||||||1
134075|NEWHM : HANM.3.3849|Natural Sciences|Palaeobiology|GNM: Hancock Temporary Numbers|1|fossil||Algites sp.|||||||||||||||||||1
134076|NEWHM : HANM.3.3850|Natural Sciences|Palaeobiology|GNM: Hancock Temporary Numbers|1|fossil||Algites sp. (spores).|||||||||||||||||||1
134077|NEWHM : HANM.3.3851|Natural Sciences|Palaeobiology|GNM: Hancock Temporary Numbers|1|fossil||Algites sp.|||||||||||||||||||1
134559|NEWHM : HANM.3.4363|Natural Sciences|Palaeobiology|GNM: Hancock Temporary Numbers||species unknown||Species unknown.|||||||||||||||||||1
134675|NEWHM : HANM.3.4477|Natural Sciences|Palaeobiology|GNM: Hancock Temporary Numbers|80|Metrocampa margaritaria (Light Emerald), Abraxas grassulariata (Magpie), plus others (80)||Metrocampa margaritaria , Abraxas grassulariata , plus others.|||||||||||||||||||1
134676|NEWHM : HANM.3.4478|Natural Sciences|Palaeobiology|GNM: Hancock Temporary Numbers|85|Spilosoma urticae (Water ermine), Spilosoma menthastri (White ermine), plus others (85)||Spilosoma urticae , Spilosoma menthastri , plus others.|||||||||||||||||||1
134768|NEWHM : HANM.3.4575|Natural Sciences|Palaeobiology|GNM: Hancock Temporary Numbers|2|astarte sp||Astarte sp.|||||||||||||||||||1
134859|NEWHM : HANM.3.4668|Natural Sciences|Palaeobiology|GNM: Hancock Temporary Numbers|1|unidentified specimen||Unidentified specimen.|||||||||||||||||||1
134860|NEWHM : HANM.3.4669|Natural Sciences|Palaeobiology|GNM: Hancock Temporary Numbers|1|unidentified specimen||Unidentified specimen.|||||||||||||||||||1
134861|NEWHM : HANM.3.4670|Natural Sciences|Palaeobiology|GNM: Hancock Temporary Numbers|1|unidentified specimen||Unidentified specimen.|||||||||||||||||||1
134862|NEWHM : HANM.3.4671|Natural Sciences|Palaeobiology|GNM: Hancock Temporary Numbers|1|unidentified specimen||Unidentified specimen.|||||||||||||||||||1
134863|NEWHM : HANM.3.4672|Natural Sciences|Palaeobiology|GNM: Hancock Temporary Numbers|1|unidentified specimen||Unidentified specimen.|||||||||||||||||||1
134865|NEWHM : HANM.3.4674|Natural Sciences|Palaeobiology|GNM: Hancock Temporary Numbers|10|unidentified specimen||Unidentified specimen.|||||||||||||||||||1
134881|NEWHM : HANM.3.4705|Natural Sciences|Palaeobiology|GNM: Hancock Temporary Numbers|1|unidentified specimen||Unidentified specimen.|||||||||||||||||||1
134882|NEWHM : HANM.3.4706|Natural Sciences|Palaeobiology|GNM: Hancock Temporary Numbers|1|unidentified specimen||Unidentified specimen.|||||||||||||||||||1
134883|NEWHM : HANM.3.4707|Natural Sciences|Palaeobiology|GNM: Hancock Temporary Numbers|1|unidentified specimen||Unidentified specimen.|||||||||||||||||||1
134889|NEWHM : HANM.3.4742|Natural Sciences|Palaeobiology|GNM: Hancock Temporary Numbers|1|fossil fish||Fish fossil.|||||||||||||||||||1
134921|NEWHM : HANM.3.4774|Natural Sciences|Palaeobiology|GNM: Hancock Temporary Numbers|1|fossil trilobite||Trilobites (no other information).|||||||||||||||||||1
134947|NEWHM : HANM.3.4808|Natural Sciences|Palaeobiology|GNM: Hancock Temporary Numbers|1|unidentified specimen||Unidentified specimen.|||||||||||||||||||1
134948|NEWHM : HANM.3.4809|Natural Sciences|Palaeobiology|GNM: Hancock Temporary Numbers|1|fossil fish||Unidentified specimen.|||||||||||||||||||1
134949|NEWHM : HANM.3.4810|Natural Sciences|Palaeobiology|GNM: Hancock Temporary Numbers|1|fossil fish||Unidentified specimen.|||||||||||||||||||1
134950|NEWHM : HANM.3.4811|Natural Sciences|Palaeobiology|GNM: Hancock Temporary Numbers|1|fossil fish||Unidentified specimen.|||||||||||||||||||1
134951|NEWHM : HANM.3.4812|Natural Sciences|Palaeobiology|GNM: Hancock Temporary Numbers|1|fossil fish||Unidentified specimen.|||||||||||||||||||1
134952|NEWHM : HANM.3.4813|Natural Sciences|Palaeobiology|GNM: Hancock Temporary Numbers|1|unidentified specimen||Unidentified specimen.|||||||||||||||||||1
134953|NEWHM : HANM.3.4814|Natural Sciences|Palaeobiology|GNM: Hancock Temporary Numbers|1|unidentified specimen||Unidentified specimen.|||||||||||||||||||1
134958|NEWHM : HANM.3.4820|Natural Sciences|Palaeobiology|GNM: Hancock Temporary Numbers|1|fossil echinoid||Sea urchin. (tertiary fossils drawer 3)|||||||||||||||||||1
134965|NEWHM : HANM.3.4842|Natural Sciences|Palaeobiology|GNM: Hancock Temporary Numbers||C15||C15.|||||||||||||||||||1
134970|NEWHM : HANM.3.4847|Natural Sciences|Palaeobiology|GNM: Hancock Temporary Numbers||M10||M10.|||||||||||||||||||1
134994|NEWHM : HANM.3.4877|Natural Sciences|Palaeobiology|GNM: Hancock Temporary Numbers||unidentified||Unidentified.|||||||||||||||||||1
135061|NEWHM : HANM.3.4956|Natural Sciences|Palaeobiology|GNM: Hancock Temporary Numbers|1|unidentified specimen||Unidentified specimen.|||||||||||||||||||1
135064|NEWHM : HANM.3.4959|Natural Sciences|Palaeobiology|GNM: Hancock Temporary Numbers|1|unidentified specimen||Unidentified specimen.|||||||||||||||||||1
135066|NEWHM : HANM.3.4961|Natural Sciences|Palaeobiology|GNM: Hancock Temporary Numbers|6|unidentified specimen ||Unidentified specimen.|||||||||||||||||||1
135067|NEWHM : HANM.3.4962|Natural Sciences|Palaeobiology|GNM: Hancock Temporary Numbers|1|unidentified specimen||Unidentified specimen.|||||||||||||||||||1
135068|NEWHM : HANM.3.4963|Natural Sciences|Palaeobiology|GNM: Hancock Temporary Numbers|1|unidentified specimen||Unidentified specimen.|||||||||||||||||||1
135069|NEWHM : HANM.3.4964|Natural Sciences|Palaeobiology|GNM: Hancock Temporary Numbers|2|unidentified specimen||Unidentified specimen.|||||||||||||||||||1
135070|NEWHM : HANM.3.4965|Natural Sciences|Palaeobiology|GNM: Hancock Temporary Numbers|2|unidentified specimen||Unidentified specimen.|||||||||||||||||||1
135071|NEWHM : HANM.3.4966|Natural Sciences|Palaeobiology|GNM: Hancock Temporary Numbers|4|unidentified specimen||Unidentified specimen.|||||||||||||||||||1
135072|NEWHM : HANM.3.4967|Natural Sciences|Palaeobiology|GNM: Hancock Temporary Numbers|1|unidentified specimen||Unidentified specimen.|||||||||||||||||||1
135074|NEWHM : HANM.3.4969|Natural Sciences|Palaeobiology|GNM: Hancock Temporary Numbers|3|unidentified specimen||Unidentified specimen.|||||||||||||||||||1
135076|NEWHM : HANM.3.4971|Natural Sciences|Palaeobiology|GNM: Hancock Temporary Numbers|2|unidentified specimen||Unidentified specimen.|||||||||||||||||||1
135077|NEWHM : HANM.3.4972|Natural Sciences|Palaeobiology|GNM: Hancock Temporary Numbers|5|unidentified specimen ||Unidentified specimen.|||||||||||||||||||1
135147|NEWHM : HANM.4.473|Natural Sciences|Palaeobiology|GNM: Hancock Temporary Numbers||fossil||Unidentified fossil.|||||||||||||||||||1
136643|NEWHM : HANM.4.4371|Natural Sciences|Palaeobiology|GNM: Hancock Temporary Numbers|1|cast||Plesiosaur cast. (Photo attached to this record is of a meteorite).|||||||||||||||||||1
137171|NEWHM : HANM.5.380|Natural Sciences|Palaeobiology|GNM: Hancock Temporary Numbers|1|unidentified specimen||Unidentified specimen.|||||||||||||||||||1
137205|NEWHM : HANM.5.417|Natural Sciences|Palaeobiology|GNM: Hancock Temporary Numbers|1|unidentified specimen||Unidentified specimen.|||||||||||||||||||1
137206|NEWHM : HANM.5.418|Natural Sciences|Palaeobiology|GNM: Hancock Temporary Numbers|1|oreodon jaw section (?)||Oreodon jaw section.|||||||||||||||||||1
137379|NEWHM : HANM.5.593|Natural Sciences|Palaeobiology|GNM: Hancock Temporary Numbers||Icthyosaur||Icthyosaur cast.|||||||||||||||||||1
137405|NEWHM : HANM.5.619|Natural Sciences|Palaeobiology|GNM: Hancock Temporary Numbers|1|fossil||1 large specimen, fossilized wood?|||||||||||||37.8|28.3|11||||3
137578|NEWHM : HANM.5.804|Natural Sciences|Palaeobiology|GNM: Hancock Temporary Numbers|1|model||Labyrinthodon model. (Waterhouse model)|||||||||||||||||||1
137600|NEWHM : HANM.5.828|Natural Sciences|Palaeobiology|GNM: Hancock Temporary Numbers||ostracods||Ostracods.|||||||||||||||||||1
137607|NEWHM : HANM.5.838|Natural Sciences|Palaeobiology|GNM: Hancock Temporary Numbers|1|fossil brachiopod||Productus sp.|||||||||||||||||||1
137608|NEWHM : HANM.5.839|Natural Sciences|Palaeobiology|GNM: Hancock Temporary Numbers|1|fossil brachiopod||Productus sp.|||||||||||||||||||1
137632|NEWHM : HANM.5.1014|Natural Sciences|Palaeobiology|GNM: Hancock Temporary Numbers|1|unidentified specimen||Unidentified specimen.|||||||||||||||||||1
137633|NEWHM : HANM.5.1015|Natural Sciences|Palaeobiology|GNM: Hancock Temporary Numbers|1|unidentified specimen||Unidentified specimen.|||||||||||||||||||1
137634|NEWHM : HANM.5.1016|Natural Sciences|Palaeobiology|GNM: Hancock Temporary Numbers|1|unidentified specimen||Unidentified specimen.|||||||||||||||||||1
137635|NEWHM : HANM.5.1017|Natural Sciences|Palaeobiology|GNM: Hancock Temporary Numbers|1|unidentified specimen||Unidentified specimen.|||||||||||||||||||1
137636|NEWHM : HANM.5.1018|Natural Sciences|Palaeobiology|GNM: Hancock Temporary Numbers|1|unidentified specimen||Unidentified specimen.|||||||||||||||||||1
137637|NEWHM : HANM.5.1019|Natural Sciences|Palaeobiology|GNM: Hancock Temporary Numbers||invertebrate||Asterophyllites, ostracods, spirorbis and other various objects. Quantity unknown|||||||||||||||||||1
137638|NEWHM : HANM.5.1020|Natural Sciences|Palaeobiology|GNM: Hancock Temporary Numbers|1|unidentified specimen||Unidentified specimen.|||||||||||||||||||1
137639|NEWHM : HANM.5.1021|Natural Sciences|Palaeobiology|GNM: Hancock Temporary Numbers|2|fossil brachiopod||Spirifer trigonalis.|||||||||||||||||||1
137640|NEWHM : HANM.5.1022|Natural Sciences|Palaeobiology|GNM: Hancock Temporary Numbers|2|fossil brachiopod||Pugnax acuminatus.|||||||||||||||||||1
137641|NEWHM : HANM.5.1023|Natural Sciences|Palaeobiology|GNM: Hancock Temporary Numbers|1|fossil brachiopod||Productus.|||||||||||||||||||1
137642|NEWHM : HANM.5.1024|Natural Sciences|Palaeobiology|GNM: Hancock Temporary Numbers|1|unidentified specimen||Unidentified specimen.|||||||||||||||||||1
137643|NEWHM : HANM.5.1025|Natural Sciences|Palaeobiology|GNM: Hancock Temporary Numbers|1|unidentified specimen||Unidentified specimen.|||||||||||||||||||1
137644|NEWHM : HANM.5.1026|Natural Sciences|Palaeobiology|GNM: Hancock Temporary Numbers|1|fossil fish||Megalichthys hibberti.|||||||||||||||||||1
137680|NEWHM : HANM.5.1063|Natural Sciences|Palaeobiology|GNM: Hancock Temporary Numbers|1|unidentified specimen||Unidentified specimen.|||||||||||||||||||1
137684|NEWHM : HANM.5.1067|Natural Sciences|Palaeobiology|GNM: Hancock Temporary Numbers|4|calcaerous algae?||Calcaerous algae?.|||||||||||||||||||1
137686|NEWHM : HANM.5.1069|Natural Sciences|Palaeobiology|GNM: Hancock Temporary Numbers||crania kirkbyi||Crania kirkbyi.|||||||||||||||||||1
137689|NEWHM : HANM.5.1072|Natural Sciences|Palaeobiology|GNM: Hancock Temporary Numbers|16|fossil gastropod||Unidentified specimen.|||||||||||||||||||1
137690|NEWHM : HANM.5.1073|Natural Sciences|Palaeobiology|GNM: Hancock Temporary Numbers|5|unidentified specimen||Unidentified specimen.|||||||||||||||||||1
137691|NEWHM : HANM.5.1074|Natural Sciences|Palaeobiology|GNM: Hancock Temporary Numbers|6|unidentified specimen||Unidentified specimen.|||||||||||||||||||1
137692|NEWHM : HANM.5.1075|Natural Sciences|Palaeobiology|GNM: Hancock Temporary Numbers|18|unidentified specimen||Unidentified specimen.|||||||||||||||||||1
137693|NEWHM : HANM.5.1076|Natural Sciences|Palaeobiology|GNM: Hancock Temporary Numbers|5|unidentified specimen||Unidentified specimen.|||||||||||||||||||1
137694|NEWHM : HANM.5.1077|Natural Sciences|Palaeobiology|GNM: Hancock Temporary Numbers||unidentified specimen||Unidentified specimen. Quantity unknown.|||||||||||||||||||1
137695|NEWHM : HANM.5.1078|Natural Sciences|Palaeobiology|GNM: Hancock Temporary Numbers|2|unidentified specimen||Unidentified specimen.|||||||||||||||||||1
137696|NEWHM : HANM.5.1079|Natural Sciences|Palaeobiology|GNM: Hancock Temporary Numbers|9|unidentified specimen||Unidentified specimen.|||||||||||||||||||1
137697|NEWHM : HANM.5.1080|Natural Sciences|Palaeobiology|GNM: Hancock Temporary Numbers|2|fossil gastropod||Unidentified specimen.|||||||||||||||||||1
137698|NEWHM : HANM.5.1081|Natural Sciences|Palaeobiology|GNM: Hancock Temporary Numbers|11|unidentified specimen||Unidentified specimen.|||||||||||||||||||1
137699|NEWHM : HANM.5.1082|Natural Sciences|Palaeobiology|GNM: Hancock Temporary Numbers||unidentified specimen||Unidentified specimen. Quantity unknown.|||||||||||||||||||1
137700|NEWHM : HANM.5.1083|Natural Sciences|Palaeobiology|GNM: Hancock Temporary Numbers|13|unidentified specimen||Unidentified specimen|||||||||||||||||||1
137701|NEWHM : HANM.5.1084|Natural Sciences|Palaeobiology|GNM: Hancock Temporary Numbers||unidentified specimen||Unidentified specimen. Quantity unknown.|||||||||||||||||||1
137702|NEWHM : HANM.5.1085|Natural Sciences|Palaeobiology|GNM: Hancock Temporary Numbers|2|unidentified specimen||Unidentified specimen.|||||||||||||||||||1
137704|NEWHM : HANM.5.1087|Natural Sciences|Palaeobiology|GNM: Hancock Temporary Numbers|6|fossil gastropod||Unidentified specimen.|||||||||||||||||||1
137705|NEWHM : HANM.5.1088|Natural Sciences|Palaeobiology|GNM: Hancock Temporary Numbers|3|unidentified specimen||Unidentified specimen.|||||||||||||||||||1
137706|NEWHM : HANM.5.1089|Natural Sciences|Palaeobiology|GNM: Hancock Temporary Numbers|7|fossil gastropod||Euomphalus pentangulatus.|||||||||||||||||||1
137707|NEWHM : HANM.5.1090|Natural Sciences|Palaeobiology|GNM: Hancock Temporary Numbers|3|unidentified specimen||Unidentified specimen.|||||||||||||||||||1
137708|NEWHM : HANM.5.1091|Natural Sciences|Palaeobiology|GNM: Hancock Temporary Numbers|11|unidentified specimen||Unidentified specimen.|||||||||||||||||||1
137745|NEWHM : HANM.5.1128|Natural Sciences|Palaeobiology|GNM: Hancock Temporary Numbers|6|fossil goniatite||Goniatite crenistra.|||||||||||||||||||1
137777|NEWHM : HANM.5.1160|Natural Sciences|Palaeobiology|GNM: Hancock Temporary Numbers|2|unidentified specimen||Unidentified specimen.|||||||||||||||||||1
137778|NEWHM : HANM.5.1161|Natural Sciences|Palaeobiology|GNM: Hancock Temporary Numbers|12|unidentified specimen||Unidentified specimen.|||||||||||||||||||1
137779|NEWHM : HANM.5.1162|Natural Sciences|Palaeobiology|GNM: Hancock Temporary Numbers|6|unidentified specimen ||Unidentified specimen.|||||||||||||||||||1
137786|NEWHM : HANM.5.1169|Natural Sciences|Palaeobiology|GNM: Hancock Temporary Numbers|2|unidentified specimen||Unidentified specimen.|||||||||||||||||||1
137787|NEWHM : HANM.5.1170|Natural Sciences|Palaeobiology|GNM: Hancock Temporary Numbers|5|unidentified specimen ||Unidentified specimen.|||||||||||||||||||1
137788|NEWHM : HANM.5.1171|Natural Sciences|Palaeobiology|GNM: Hancock Temporary Numbers|16|unidentified specimen||Unidentified specimens (10), productus longispinus (5), ieda attenuatun.|||||||||||||||||||1
137789|NEWHM : HANM.5.1172|Natural Sciences|Palaeobiology|GNM: Hancock Temporary Numbers|3|unidentified specimen||Unidentified specimen.|||||||||||||||||||1
137790|NEWHM : HANM.5.1173|Natural Sciences|Palaeobiology|GNM: Hancock Temporary Numbers|6|unidentified specimen ||Unidentified specimen.|||||||||||||||||||1
138017|NEWHM : HANM.5.1457|Natural Sciences|Palaeobiology|GNM: Hancock Temporary Numbers||unidentified||Unidentified.|||||||||||||||||||1
138178|NEWHM : HANM.5.1625|Natural Sciences|Palaeobiology|GNM: Hancock Temporary Numbers|1|rock||Marble.|||||||||||||||||||1
138179|NEWHM : HANM.5.1626|Natural Sciences|Palaeobiology|GNM: Hancock Temporary Numbers||marble||Marble.|||||||||||||||||||1
138181|NEWHM : HANM.5.1628|Natural Sciences|Palaeobiology|GNM: Hancock Temporary Numbers|1|cast|fossil fish|Fossil fish cast. 'Arandaspis prionotolepis'.|||||||||||||||||||1
138184|NEWHM : HANM.5.1631|Natural Sciences|Palaeobiology|GNM: Hancock Temporary Numbers|1|fossil coral||Halysites.|||||||||||||||||||1
138185|NEWHM : HANM.5.1632|Natural Sciences|Palaeobiology|GNM: Hancock Temporary Numbers|1|fossil fish||Diplopterus.|||||||||||||||||||1
138186|NEWHM : HANM.5.1633|Natural Sciences|Palaeobiology|GNM: Hancock Temporary Numbers||Diplodus||Diplodus.|||||||||||||||||||1
138188|NEWHM : HANM.5.1635|Natural Sciences|Palaeobiology|GNM: Hancock Temporary Numbers|1|fossil fish||Holoptychius sp.|||||||||||||||||||1
138347|NEWHM : HANM.5.1795|Natural Sciences|Palaeobiology|GNM: Hancock Temporary Numbers|1|fossil brachiopod||Actinoconchus lamellosus.|||||||||||||||||||1
138497|NEWHM : HANM.5.1967|Natural Sciences|Palaeobiology|GNM: Hancock Temporary Numbers||unidentified||Unidentified.|||||||||||||||||||1
138498|NEWHM : HANM.5.1968|Natural Sciences|Palaeobiology|GNM: Hancock Temporary Numbers||Megalodon cucullatum||Megalodon cucullatum.|||||||||||||||||||1
138499|NEWHM : HANM.5.1969|Natural Sciences|Palaeobiology|GNM: Hancock Temporary Numbers|1|fossil gastropod||Bellerophon striatus.|||||||||||||||||||1
138500|NEWHM : HANM.5.1970|Natural Sciences|Palaeobiology|GNM: Hancock Temporary Numbers|1|fossil brachiopod||Productus sp.|||||||||||||||||||1
138501|NEWHM : HANM.5.1971|Natural Sciences|Palaeobiology|GNM: Hancock Temporary Numbers|1|fossil brachiopod||Strophomena rugosa.|||||||||||||||||||1
138503|NEWHM : HANM.5.1973|Natural Sciences|Palaeobiology|GNM: Hancock Temporary Numbers|1|fossil fish||Coccosteus cuspidatus.|||||||||||||||||||1
138504|NEWHM : HANM.5.1974|Natural Sciences|Palaeobiology|GNM: Hancock Temporary Numbers|1|fossil fish||Dipterus valenciennesi.|||||||||||||||||||1
138505|NEWHM : HANM.5.1975|Natural Sciences|Palaeobiology|GNM: Hancock Temporary Numbers|1|fossil fish||Dipterus valenciennesi.|||||||||||||||||||1
138526|NEWHM : HANM.5.1996|Natural Sciences|Palaeobiology|GNM: Hancock Temporary Numbers|1|fossil fish||Osteolepis sp.|||||||||||||||||||1
138527|NEWHM : HANM.5.1997|Natural Sciences|Palaeobiology|GNM: Hancock Temporary Numbers|1|fossil fish||Osteolepis sp.|||||||||||||||||||1
138528|NEWHM : HANM.5.1998|Natural Sciences|Palaeobiology|GNM: Hancock Temporary Numbers|1|fossil fish||Osteolepis sp.|||||||||||||||||||1
138529|NEWHM : HANM.5.1999|Natural Sciences|Palaeobiology|GNM: Hancock Temporary Numbers|1|fossil fish||Osteolepis sp.|||||||||||||||||||1
138530|NEWHM : HANM.5.2000|Natural Sciences|Palaeobiology|GNM: Hancock Temporary Numbers|1|fossil fish||Osteolepis sp.|||||||||||||||||||1
138531|NEWHM : HANM.5.2001|Natural Sciences|Palaeobiology|GNM: Hancock Temporary Numbers|1|fossil fish||Acanthodian.|||||||||||||||||||1
138532|NEWHM : HANM.5.2002|Natural Sciences|Palaeobiology|GNM: Hancock Temporary Numbers|1|fossil fish||Osteolepis sp.|||||||||||||||||||1
138533|NEWHM : HANM.5.2003|Natural Sciences|Palaeobiology|GNM: Hancock Temporary Numbers|1|fossil fish||Coelacanth.|||||||||||||||||||1
138534|NEWHM : HANM.5.2004|Natural Sciences|Palaeobiology|GNM: Hancock Temporary Numbers||Cheirolepis trailli||Cheirolepis trailli.|||||||||||||||||||1
138535|NEWHM : HANM.5.2005|Natural Sciences|Palaeobiology|GNM: Hancock Temporary Numbers|1|fossil fish|Lungfish|Lungfish 'Dipterus valenciennesi.'|||||||||||||||||||1
138536|NEWHM : HANM.5.2006|Natural Sciences|Palaeobiology|GNM: Hancock Temporary Numbers|1|fossil fish||Osteolepis macrolepidotus.|||||||||||||||||||1
138538|NEWHM : HANM.5.2008|Natural Sciences|Palaeobiology|GNM: Hancock Temporary Numbers|1|fossil fish||Acanthodian.|||||||||||||||||||1
138539|NEWHM : HANM.5.2009|Natural Sciences|Palaeobiology|GNM: Hancock Temporary Numbers|1|fossil fish||Dipterus sp.|||||||||||||||||||1
138540|NEWHM : HANM.5.2010|Natural Sciences|Palaeobiology|GNM: Hancock Temporary Numbers|1|fossil fish||Coelacanth.|||||||||||||||||||1
138542|NEWHM : HANM.5.2012|Natural Sciences|Palaeobiology|GNM: Hancock Temporary Numbers|1|fossil fish||Osteolepis macrolepidotus.|||||||||||||||||||1
138543|NEWHM : HANM.5.2013|Natural Sciences|Palaeobiology|GNM: Hancock Temporary Numbers|1|fossil||Acanthodes sp.|||||||||||||||||||1
138544|NEWHM : HANM.5.2014|Natural Sciences|Palaeobiology|GNM: Hancock Temporary Numbers|1|fossil fish||Coccosteus sp.|||||||||||||||||||1
138545|NEWHM : HANM.5.2015|Natural Sciences|Palaeobiology|GNM: Hancock Temporary Numbers|1|fossil fish||Palaeospondylus gunni.|||||||||||||||||||1
138546|NEWHM : HANM.5.2016|Natural Sciences|Palaeobiology|GNM: Hancock Temporary Numbers|1|fossil fish||Acanthodian.|||||||||||||||||||1
138640|NEWHM : HANM.5.2110|Natural Sciences|Palaeobiology|GNM: Hancock Temporary Numbers|3|fossil bivalve||Girvanella band.|||||||||||||||||||1
138641|NEWHM : HANM.5.2111|Natural Sciences|Palaeobiology|GNM: Hancock Temporary Numbers|3|unidentified specimen||Unidentified specimen.|||||||||||||||||||1
138642|NEWHM : HANM.5.2112|Natural Sciences|Palaeobiology|GNM: Hancock Temporary Numbers|1|unidentified specimen||Unidentified specimen.|||||||||||||||||||1
138643|NEWHM : HANM.5.2113|Natural Sciences|Palaeobiology|GNM: Hancock Temporary Numbers|1|unidentified specimen||Unidentified specimen.|||||||||||||||||||1
138644|NEWHM : HANM.5.2114|Natural Sciences|Palaeobiology|GNM: Hancock Temporary Numbers|1|unidentified specimen||Unidentified specimen.|||||||||||||||||||1
138645|NEWHM : HANM.5.2115|Natural Sciences|Palaeobiology|GNM: Hancock Temporary Numbers|1|unidentified specimen||Unidentified specimen.|||||||||||||||||||1
138646|NEWHM : HANM.5.2116|Natural Sciences|Palaeobiology|GNM: Hancock Temporary Numbers|1|unidentified specimen||Unidentified specimen.|||||||||||||||||||1
138647|NEWHM : HANM.5.2117|Natural Sciences|Palaeobiology|GNM: Hancock Temporary Numbers|1|unidentified specimen||Unidentified specimen.|||||||||||||||||||1
138652|NEWHM : HANM.5.2122|Natural Sciences|Palaeobiology|GNM: Hancock Temporary Numbers||coronoceras deffneri||Coronoceras deffneri.|||||||||||||||||||1
138654|NEWHM : HANM.5.2124|Natural Sciences|Palaeobiology|GNM: Hancock Temporary Numbers||coroniceras rotiforme||Coroniceras rotiforme.|||||||||||||||||||1
138655|NEWHM : HANM.5.2125|Natural Sciences|Palaeobiology|GNM: Hancock Temporary Numbers|1|unidentified specimen||Unidentified specimen.|||||||||||||||||||1
138656|NEWHM : HANM.5.2126|Natural Sciences|Palaeobiology|GNM: Hancock Temporary Numbers|1|fossil ammonite||Arnioceras semicostatum.|||||||||||||||||||1
138657|NEWHM : HANM.5.2127|Natural Sciences|Palaeobiology|GNM: Hancock Temporary Numbers||cast||Rubber cast of bone.|||||||||||||||||||1
138715|NEWHM : HANM.5.2185|Natural Sciences|Palaeobiology|GNM: Hancock Temporary Numbers||Homostius milleri||Homostius milleri.|||||||||||||||||||1
138716|NEWHM : HANM.5.2186|Natural Sciences|Palaeobiology|GNM: Hancock Temporary Numbers|1|fossil fish||Osteolepis macrolepidotus.|||||||||||||||||||1
138717|NEWHM : HANM.5.2187|Natural Sciences|Palaeobiology|GNM: Hancock Temporary Numbers|1|Cheiracanthus murchisoni||Cheiracanthus murchisoni.|||||||||||||||||||1
138718|NEWHM : HANM.5.2188|Natural Sciences|Palaeobiology|GNM: Hancock Temporary Numbers|1|Cheiracanthus murchisoni||Cheiracanthus murchisoni.|||||||||||||||||||1
138719|NEWHM : HANM.5.2189|Natural Sciences|Palaeobiology|GNM: Hancock Temporary Numbers|1|fossil fish||Osteolepis sp.|||||||||||||||||||1
138720|NEWHM : HANM.5.2190|Natural Sciences|Palaeobiology|GNM: Hancock Temporary Numbers|1|fossil fish||Osteolepis macrolepidotus.|||||||||||||||||||1
138756|NEWHM : HANM.5.2226|Natural Sciences|Palaeobiology|GNM: Hancock Temporary Numbers|1|Schizophoria resupinata||Schizophoria resupinata.|||||||||||||||||||1
138757|NEWHM : HANM.5.2227|Natural Sciences|Palaeobiology|GNM: Hancock Temporary Numbers|1|fossil bivalve||Mytilus sp.|||||||||||||||||||1
138758|NEWHM : HANM.5.2228|Natural Sciences|Palaeobiology|GNM: Hancock Temporary Numbers|2|fossil brachiopod||Orthis sp.|||||||||||||||||||1
138759|NEWHM : HANM.5.2229|Natural Sciences|Palaeobiology|GNM: Hancock Temporary Numbers|1|fossil||Schizophoria resupinata.|||||||||||||||||||1
138762|NEWHM : HANM.5.2232|Natural Sciences|Palaeobiology|GNM: Hancock Temporary Numbers|1|Schellwienella cf. radiatus||Schellwienella cf. radiatus.|||||||||||||||||||1
138763|NEWHM : HANM.5.2233|Natural Sciences|Palaeobiology|GNM: Hancock Temporary Numbers|2|Schellwienella cremistria||Schellwienella cremistria.|||||||||||||||||||1
138764|NEWHM : HANM.5.2234|Natural Sciences|Palaeobiology|GNM: Hancock Temporary Numbers|1|fossil brachiopod||Schellwienella crenistria.|||||||||||||||||||1
138765|NEWHM : HANM.5.2235|Natural Sciences|Palaeobiology|GNM: Hancock Temporary Numbers|1|Schizophoria resupinata||Schizophoria resupinata.|||||||||||||||||||1
138766|NEWHM : HANM.5.2236|Natural Sciences|Palaeobiology|GNM: Hancock Temporary Numbers|3|Schizophoria resupinata||Schizophoria resupinata.|||||||||||||||||||1
138768|NEWHM : HANM.5.2238|Natural Sciences|Palaeobiology|GNM: Hancock Temporary Numbers|2|fossil brachiopod||Lingula scotica.|||||||||||||||||||1
138769|NEWHM : HANM.5.2239|Natural Sciences|Palaeobiology|GNM: Hancock Temporary Numbers||Lingula mytiloides||Lingula mytiloides.|||||||||||||||||||1
138770|NEWHM : HANM.5.2240|Natural Sciences|Palaeobiology|GNM: Hancock Temporary Numbers|1|fossil brachiopod||Lingula mytiloides.|||||||||||||||||||1
138771|NEWHM : HANM.5.2241|Natural Sciences|Palaeobiology|GNM: Hancock Temporary Numbers|5|fossil brachiopod||Martinia glabra.|||||||||||||||||||1
138772|NEWHM : HANM.5.2242|Natural Sciences|Palaeobiology|GNM: Hancock Temporary Numbers|5|Martinothyris lineata (5)||Martinothyris lineata.|||||||||||||||||||1
138773|NEWHM : HANM.5.2243|Natural Sciences|Palaeobiology|GNM: Hancock Temporary Numbers|5|fossil brachiopod||Spirifer striatus.|||||||||||||||||||1
138775|NEWHM : HANM.5.2245|Natural Sciences|Palaeobiology|GNM: Hancock Temporary Numbers|5|fossil brachiopod||Spirifer striatus.|||||||||||||||||||1
138776|NEWHM : HANM.5.2246|Natural Sciences|Palaeobiology|GNM: Hancock Temporary Numbers|5|fossil brachiopod||Spirifers.|||||||||||||||||||1
138777|NEWHM : HANM.5.2247|Natural Sciences|Palaeobiology|GNM: Hancock Temporary Numbers|1|fossil brachiopod||Martinia glabra.|||||||||||||||||||1
138778|NEWHM : HANM.5.2248|Natural Sciences|Palaeobiology|GNM: Hancock Temporary Numbers|2|fossil brachiopod||Pustula pustulosa.|||||||||||||||||||1
138779|NEWHM : HANM.5.2249|Natural Sciences|Palaeobiology|GNM: Hancock Temporary Numbers|2|fossil brachiopod||Spirifer striatus.|||||||||||||||||||1
138780|NEWHM : HANM.5.2250|Natural Sciences|Palaeobiology|GNM: Hancock Temporary Numbers|1|fossil brachiopod||Martinia glabra.|||||||||||||||||||1
138781|NEWHM : HANM.5.2251|Natural Sciences|Palaeobiology|GNM: Hancock Temporary Numbers|3|Martinia glabra||Martinia glabra.|||||||||||||||||||1
138782|NEWHM : HANM.5.2252|Natural Sciences|Palaeobiology|GNM: Hancock Temporary Numbers|3|fossil brachiopod||Martinia glabra.|||||||||||||||||||1
138783|NEWHM : HANM.5.2253|Natural Sciences|Palaeobiology|GNM: Hancock Temporary Numbers|5|Martinothyris lineata (5)||Martinothyris lineata.|||||||||||||||||||1
138784|NEWHM : HANM.5.2254|Natural Sciences|Palaeobiology|GNM: Hancock Temporary Numbers|3|Martinothyris sp. and Spirifer sp.||Martinothyris sp. and Spirifer sp.|||||||||||||||||||1
138785|NEWHM : HANM.5.2255|Natural Sciences|Palaeobiology|GNM: Hancock Temporary Numbers||Leptana distorta||Leptana distorta.|||||||||||||||||||1
138786|NEWHM : HANM.5.2256|Natural Sciences|Palaeobiology|GNM: Hancock Temporary Numbers|4|fossil brachiopod||Dictyoclostus semireticulatus.|||||||||||||||||||1
138787|NEWHM : HANM.5.2257|Natural Sciences|Palaeobiology|GNM: Hancock Temporary Numbers|13|fossil brachiopod||Dictyoclostus semireticulatus.|||||||||||||||||||1
138788|NEWHM : HANM.5.2258|Natural Sciences|Palaeobiology|GNM: Hancock Temporary Numbers|1|fossil brachiopod||Dictyoclostus semireticulatus.||||||||||UK, England, Northumberland (NE England), Stanton|||||||||1
138789|NEWHM : HANM.5.2259|Natural Sciences|Palaeobiology|GNM: Hancock Temporary Numbers|1|fossil brachiopod||Dictyoclostus semireticulatus.|||||||||||||||||||1
138790|NEWHM : HANM.5.2260|Natural Sciences|Palaeobiology|GNM: Hancock Temporary Numbers|1|fossil brachiopod||Dictyoclostus semireticulatus.|||||||||||||||||||1
138791|NEWHM : HANM.5.2261|Natural Sciences|Palaeobiology|GNM: Hancock Temporary Numbers|5|fossil brachiopod||Dictyoclostus semireticulatus.|||||||||||||||||||1
138792|NEWHM : HANM.5.2262|Natural Sciences|Palaeobiology|GNM: Hancock Temporary Numbers|1|fossil brachiopod||Dictyoclostus semireticulatus.|||||||||||||||||||1
138793|NEWHM : HANM.5.2263|Natural Sciences|Palaeobiology|GNM: Hancock Temporary Numbers|2|fossil brachiopod||Dictyoclostus semireticulatus.|||||||||||||||||||1
138794|NEWHM : HANM.5.2264|Natural Sciences|Palaeobiology|GNM: Hancock Temporary Numbers|1|fossil brachiopod||Rugosochonetes cf. hardrensis.|||||||||||||||||||1
138796|NEWHM : HANM.5.2266|Natural Sciences|Palaeobiology|GNM: Hancock Temporary Numbers|3|fossil brachiopod||Productus sp.|||||||||||||||||||1
138797|NEWHM : HANM.5.2267|Natural Sciences|Palaeobiology|GNM: Hancock Temporary Numbers|1|fossil brachiopod||Rugosochonetes hardrensis.|||||||||||||||||||1
138798|NEWHM : HANM.5.2268|Natural Sciences|Palaeobiology|GNM: Hancock Temporary Numbers|1|fossil brachiopod||Rugosochonetes hardrensis.|||||||||||||||||||1
138799|NEWHM : HANM.5.2269|Natural Sciences|Palaeobiology|GNM: Hancock Temporary Numbers|6|fossil brachiopod||Rugosochonetes hardrensis.|||||||||||||||||||1
138800|NEWHM : HANM.5.2270|Natural Sciences|Palaeobiology|GNM: Hancock Temporary Numbers|1|fossil brachiopod||Rugosochonetes hardrensis.|||||||||||||||||||1
138801|NEWHM : HANM.5.2271|Natural Sciences|Palaeobiology|GNM: Hancock Temporary Numbers|1|fossil brachiopod||Rugosochonetes sp. (?) fragments|||||||||||||||||||1
138802|NEWHM : HANM.5.2272|Natural Sciences|Palaeobiology|GNM: Hancock Temporary Numbers|2|fossil brachiopod||Rugosochonetes hardrensis|||||||||||||||||||1
138803|NEWHM : HANM.5.2273|Natural Sciences|Palaeobiology|GNM: Hancock Temporary Numbers||unidentified||Unidentified. Quantity unknown|||||||||||||||||||1
138804|NEWHM : HANM.5.2274|Natural Sciences|Palaeobiology|GNM: Hancock Temporary Numbers|1|fossil brachiopod||Rugosochonetes hardrensis.|||||||||||||||||||1
138805|NEWHM : HANM.5.2275|Natural Sciences|Palaeobiology|GNM: Hancock Temporary Numbers|1|fossil brachiopod||Rugosochonetes hardrensis.|||||||||||||||||||1
138806|NEWHM : HANM.5.2276|Natural Sciences|Palaeobiology|GNM: Hancock Temporary Numbers|1|fossil brachiopod||Rugosochonetes hardrensis.|||||||||||||||||||1
138807|NEWHM : HANM.5.2277|Natural Sciences|Palaeobiology|GNM: Hancock Temporary Numbers|2|fossil brachiopod||Chonetes papilionacea.|||||||||||||||||||1
138808|NEWHM : HANM.5.2278|Natural Sciences|Palaeobiology|GNM: Hancock Temporary Numbers|1|fossil brachiopod||Cast of Chonetes.|||||||||||||||||||1
138809|NEWHM : HANM.5.2279|Natural Sciences|Palaeobiology|GNM: Hancock Temporary Numbers|13|fossil brachiopod||Chonetes hardrensis.|||||||||||||||||||1
138810|NEWHM : HANM.5.2280|Natural Sciences|Palaeobiology|GNM: Hancock Temporary Numbers|3|fossil brachiopod||Brachythyris.|||||||||||||||||||1
138811|NEWHM : HANM.5.2281|Natural Sciences|Palaeobiology|GNM: Hancock Temporary Numbers||Brachythyris||Brachythyris.|||||||||||||||||||1
138812|NEWHM : HANM.5.2282|Natural Sciences|Palaeobiology|GNM: Hancock Temporary Numbers|1|fossil brachiopod||Gigantoproductus giganteus.|||||||||||||||||||1
138813|NEWHM : HANM.5.2283|Natural Sciences|Palaeobiology|GNM: Hancock Temporary Numbers||unidentified||Unidentified.|||||||||||||||||||1
138814|NEWHM : HANM.5.2284|Natural Sciences|Palaeobiology|GNM: Hancock Temporary Numbers|1|fossil brachiopod||Productus productus.|||||||||||||||||||1
138815|NEWHM : HANM.5.2285|Natural Sciences|Palaeobiology|GNM: Hancock Temporary Numbers|1|fossil brachiopod||Productus productus.|||||||||||||||||||1
138816|NEWHM : HANM.5.2286|Natural Sciences|Palaeobiology|GNM: Hancock Temporary Numbers|5|fossil brachiopod||Productus productus.|||||||||||||||||||1
138817|NEWHM : HANM.5.2287|Natural Sciences|Palaeobiology|GNM: Hancock Temporary Numbers||Productus martini (quantity unknown)||Productus martini.|||||||||||||||||||1
138818|NEWHM : HANM.5.2288|Natural Sciences|Palaeobiology|GNM: Hancock Temporary Numbers|2|fossil brachiopod||Productus martina.|||||||||||||||||||1
138819|NEWHM : HANM.5.2289|Natural Sciences|Palaeobiology|GNM: Hancock Temporary Numbers|1|fossil brachiopod||Linoproductus. (number 1874 collection Cookson)|||||||||||||||||||1
138820|NEWHM : HANM.5.2290|Natural Sciences|Palaeobiology|GNM: Hancock Temporary Numbers|2|fossil brachiopod||Linoproductus.|||||||||||||||||||1
138821|NEWHM : HANM.5.2291|Natural Sciences|Palaeobiology|GNM: Hancock Temporary Numbers|2|fossil brachiopod||Productus lobatus.|||||||||||||||||||1
138822|NEWHM : HANM.5.2292|Natural Sciences|Palaeobiology|GNM: Hancock Temporary Numbers|3|fossil brachiopod||Productus scabriculus.|||||||||||||||||||1
138823|NEWHM : HANM.5.2293|Natural Sciences|Palaeobiology|GNM: Hancock Temporary Numbers|2|fossil brachiopod||Productus sp.|||||||||||||||||||1
138824|NEWHM : HANM.5.2294|Natural Sciences|Palaeobiology|GNM: Hancock Temporary Numbers||Productus sp. (quantity unknown)||Productus sp.|||||||||||||||||||1
138825|NEWHM : HANM.5.2295|Natural Sciences|Palaeobiology|GNM: Hancock Temporary Numbers||Productus martini (quantity unknown)||Productus martini.|||||||||||||||||||1
138826|NEWHM : HANM.5.2296|Natural Sciences|Palaeobiology|GNM: Hancock Temporary Numbers|7|Productus martini (7)||Productus martini.|||||||||||||||||||1
138827|NEWHM : HANM.5.2297|Natural Sciences|Palaeobiology|GNM: Hancock Temporary Numbers|1|unidentified||Unidentified.|||||||||||||||||||1
138828|NEWHM : HANM.5.2298|Natural Sciences|Palaeobiology|GNM: Hancock Temporary Numbers||unidentified||Unidentified.|||||||||||||||||||1
138829|NEWHM : HANM.5.2299|Natural Sciences|Palaeobiology|GNM: Hancock Temporary Numbers|1|fossil brachiopod||Gigantoproductus giganteus.|||||||||||||||||||1
138830|NEWHM : HANM.5.2300|Natural Sciences|Palaeobiology|GNM: Hancock Temporary Numbers||Productus sp. (?) (quantity unknown)||Productus sp.|||||||||||||||||||1
138831|NEWHM : HANM.5.2301|Natural Sciences|Palaeobiology|GNM: Hancock Temporary Numbers|1|fossil brachiopod||Productid brachiopod.|||||||||||||||||||1
138832|NEWHM : HANM.5.2302|Natural Sciences|Palaeobiology|GNM: Hancock Temporary Numbers|2|fossil brachiopod||Productus sp.|||||||||||||||||||1
138833|NEWHM : HANM.5.2303|Natural Sciences|Palaeobiology|GNM: Hancock Temporary Numbers|2|fossil brachiopod||Productus craigmarkensis.|||||||||||||||||||1
138834|NEWHM : HANM.5.2304|Natural Sciences|Palaeobiology|GNM: Hancock Temporary Numbers|2|fossil brachiopod||Productus.|||||||||||||||||||1
138835|NEWHM : HANM.5.2305|Natural Sciences|Palaeobiology|GNM: Hancock Temporary Numbers|1|fossil brachiopod||Productus sp.|||||||||||||||||||1
138836|NEWHM : HANM.5.2306|Natural Sciences|Palaeobiology|GNM: Hancock Temporary Numbers||Productus||Productus.|||||||||||||||||||1
138837|NEWHM : HANM.5.2307|Natural Sciences|Palaeobiology|GNM: Hancock Temporary Numbers|5|Productus punctatus (5)||Productus punctatus.|||||||||||||||||||1
138838|NEWHM : HANM.5.2308|Natural Sciences|Palaeobiology|GNM: Hancock Temporary Numbers|1|fossil brachiopod||Productus costatus.|||||||||||||||||||1
138839|NEWHM : HANM.5.2309|Natural Sciences|Palaeobiology|GNM: Hancock Temporary Numbers|1|fossil brachiopod||Productus pratteni.|||||||||||||||||||1
138840|NEWHM : HANM.5.2310|Natural Sciences|Palaeobiology|GNM: Hancock Temporary Numbers|10|fossil brachiopod||Productus sp.|||||||||||||||||||1
138841|NEWHM : HANM.5.2311|Natural Sciences|Palaeobiology|GNM: Hancock Temporary Numbers|1|fossil brachiopod||Pustula pustulosa.|||||||||||||||||||1
138842|NEWHM : HANM.5.2312|Natural Sciences|Palaeobiology|GNM: Hancock Temporary Numbers|2|fossil brachiopod||Productus aspen.|||||||||||||||||||1
138843|NEWHM : HANM.5.2313|Natural Sciences|Palaeobiology|GNM: Hancock Temporary Numbers|2|fossil brachiopod||Orbiculoides.|||||||||||||||||||1
138844|NEWHM : HANM.5.2314|Natural Sciences|Palaeobiology|GNM: Hancock Temporary Numbers|1|fossil brachiopod||Cast of Productus martini.|||||||||||||||||||1
138845|NEWHM : HANM.5.2315|Natural Sciences|Palaeobiology|GNM: Hancock Temporary Numbers||Echinoconchus punctatus||Echinoconchus punctatus.|||||||||||||||||||1
138846|NEWHM : HANM.5.2316|Natural Sciences|Palaeobiology|GNM: Hancock Temporary Numbers|2|Productus punctatus||Productus punctatus.|||||||||||||||||||1
138847|NEWHM : HANM.5.2317|Natural Sciences|Palaeobiology|GNM: Hancock Temporary Numbers|2|unidentified||Unidentified.|||||||||||||||||||1
138848|NEWHM : HANM.5.2318|Natural Sciences|Palaeobiology|GNM: Hancock Temporary Numbers|2|fossil brachiopod||Productus.|||||||||||||||||||1
138849|NEWHM : HANM.5.2319|Natural Sciences|Palaeobiology|GNM: Hancock Temporary Numbers|4|fossil brachiopod||Productus giganteus.|||||||||||||||||||1
138850|NEWHM : HANM.5.2320|Natural Sciences|Palaeobiology|GNM: Hancock Temporary Numbers||cast||Cast of Productus concinnus.|||||||||||||||||||1
138851|NEWHM : HANM.5.2321|Natural Sciences|Palaeobiology|GNM: Hancock Temporary Numbers|2|fossil brachiopod||Productus.|||||||||||||||||||1
138852|NEWHM : HANM.5.2322|Natural Sciences|Palaeobiology|GNM: Hancock Temporary Numbers|4|unidentified||Unidentified.|||||||||||||||||||1
138853|NEWHM : HANM.5.2323|Natural Sciences|Palaeobiology|GNM: Hancock Temporary Numbers|1|fossil brachiopod||Productus sp.|||||||||||||||||||1
138854|NEWHM : HANM.5.2324|Natural Sciences|Palaeobiology|GNM: Hancock Temporary Numbers||unidentified||Unidentified.|||||||||||||||||||1
138855|NEWHM : HANM.5.2325|Natural Sciences|Palaeobiology|GNM: Hancock Temporary Numbers||unidentified||Unidentified.|||||||||||||||||||1
138856|NEWHM : HANM.5.2326|Natural Sciences|Palaeobiology|GNM: Hancock Temporary Numbers|2|fossil brachiopod||Productus symmetricus.|||||||||||||||||||1
138857|NEWHM : HANM.5.2327|Natural Sciences|Palaeobiology|GNM: Hancock Temporary Numbers|2|fossil brachiopod||Rhynchonella sp.||||||||||||||||||possibly links to NEWHM : HANM.5.2327 - NEWHM : HANM.5.2341, but this needs to be confirmed|1
138858|NEWHM : HANM.5.2328|Natural Sciences|Palaeobiology|GNM: Hancock Temporary Numbers|2|Spirifera kentuckyana||Spirifera kentuckyana.||||||||||||||||||possibly links to NEWHM : HANM.5.2327 - NEWHM : HANM.5.2341, but this needs to be confirmed|1
138859|NEWHM : HANM.5.2329|Natural Sciences|Palaeobiology|GNM: Hancock Temporary Numbers||Productus muricata||Productus muricata.||||||||||||||||||possibly links to NEWHM : HANM.5.2327 - NEWHM : HANM.5.2341, but this needs to be confirmed|1
138860|NEWHM : HANM.5.2330|Natural Sciences|Palaeobiology|GNM: Hancock Temporary Numbers|1|Athyris differentia||Athyris differentia.||||||||||||||||||possibly links to NEWHM : HANM.5.2327 - NEWHM : HANM.5.2341, but this needs to be confirmed|1
138861|NEWHM : HANM.5.2331|Natural Sciences|Palaeobiology|GNM: Hancock Temporary Numbers|1|Athyris subtilita||Athyris subtilita.||||||||||||||||||possibly links to NEWHM : HANM.5.2327 - NEWHM : HANM.5.2341, but this needs to be confirmed|1
138862|NEWHM : HANM.5.2332|Natural Sciences|Palaeobiology|GNM: Hancock Temporary Numbers||unidentified||Unidentified.||||||||||||||||||possibly links to NEWHM : HANM.5.2327 - NEWHM : HANM.5.2341, but this needs to be confirmed|1
138863|NEWHM : HANM.5.2333|Natural Sciences|Palaeobiology|GNM: Hancock Temporary Numbers|1|fossil brachiopod||Terebratula sufflata.||||||||||||||||||possibly links to NEWHM : HANM.5.2327 - NEWHM : HANM.5.2341, but this needs to be confirmed|1
138864|NEWHM : HANM.5.2334|Natural Sciences|Palaeobiology|GNM: Hancock Temporary Numbers|2|fossil brachiopod||Terebratula subtilita.||||||||||||||||||possibly links to NEWHM : HANM.5.2327 - NEWHM : HANM.5.2341, but this needs to be confirmed|1
138865|NEWHM : HANM.5.2335|Natural Sciences|Palaeobiology|GNM: Hancock Temporary Numbers|2|Athyris sublamellosa||Athyris sublamellosa.||||||||||||||||||possibly links to NEWHM : HANM.5.2327 - NEWHM : HANM.5.2341, but this needs to be confirmed|1
138866|NEWHM : HANM.5.2336|Natural Sciences|Palaeobiology|GNM: Hancock Temporary Numbers|2|Productus wabaskensis||Productus wabaskensis.||||||||||||||||||possibly links to NEWHM : HANM.5.2327 - NEWHM : HANM.5.2341, but this needs to be confirmed|1
138867|NEWHM : HANM.5.2337|Natural Sciences|Palaeobiology|GNM: Hancock Temporary Numbers|2|Athyris subtilita||Athyris subtilita.||||||||||||||||||possibly links to NEWHM : HANM.5.2327 - NEWHM : HANM.5.2341, but this needs to be confirmed|1
138868|NEWHM : HANM.5.2338|Natural Sciences|Palaeobiology|GNM: Hancock Temporary Numbers|2|Retzia subglobosa||Retzia subglobosa.||||||||||||||||||possibly links to NEWHM : HANM.5.2327 - NEWHM : HANM.5.2341, but this needs to be confirmed|1
138869|NEWHM : HANM.5.2339|Natural Sciences|Palaeobiology|GNM: Hancock Temporary Numbers|1|fossil brachiopod||Productus splendens.||||||||||||||||||possibly links to NEWHM : HANM.5.2327 - NEWHM : HANM.5.2341, but this needs to be confirmed|1
138870|NEWHM : HANM.5.2340|Natural Sciences|Palaeobiology|GNM: Hancock Temporary Numbers|1|Spirifera sp.||Spirifera sp.||||||||||||||||||possibly links to NEWHM : HANM.5.2327 - NEWHM : HANM.5.2341, but this needs to be confirmed|1
138871|NEWHM : HANM.5.2341|Natural Sciences|Palaeobiology|GNM: Hancock Temporary Numbers|2|fossil brachiopod||Athyris subquadrata.||||||||||||||||||possibly links to NEWHM : HANM.5.2327 - NEWHM : HANM.5.2341, but this needs to be confirmed|1
138872|NEWHM : HANM.5.2342|Natural Sciences|Palaeobiology|GNM: Hancock Temporary Numbers|1|compressed Stenomyelon||Compressed Stenomyelon.|||||||||||||||||||1
138873|NEWHM : HANM.5.2343|Natural Sciences|Palaeobiology|GNM: Hancock Temporary Numbers||fossil?||Identification illegible.|||||||||||||||||||1
138874|NEWHM : HANM.5.2344|Natural Sciences|Palaeobiology|GNM: Hancock Temporary Numbers||unidentified||Unidentified.|||||||||||||||||||1
138875|NEWHM : HANM.5.2345|Natural Sciences|Palaeobiology|GNM: Hancock Temporary Numbers|2|unidentified||Unidentified.|||||||||||||||||||1
138876|NEWHM : HANM.5.2346|Natural Sciences|Palaeobiology|GNM: Hancock Temporary Numbers||unidentified||Unidentified.|||||||||||||||||||1
138877|NEWHM : HANM.5.2347|Natural Sciences|Palaeobiology|GNM: Hancock Temporary Numbers|2|Sphoenonites||Sphoenonites.|||||||||||||||||||1
138878|NEWHM : HANM.5.2348|Natural Sciences|Palaeobiology|GNM: Hancock Temporary Numbers||unidentified||Unidentified.|||||||||||||||||||1
138879|NEWHM : HANM.5.2349|Natural Sciences|Palaeobiology|GNM: Hancock Temporary Numbers||unidentified||Unidentified.|||||||||||||||||||1
139075|NEWHM : HANM.5.2580|Natural Sciences|Palaeobiology|GNM: Hancock Temporary Numbers|1|fossil fish||Lepidotus semiserratus (North Yorkshire?).||Jurassic & Lias (Upper)||Jet Rock||||Smith, Emma|||||||||||1
139078|NEWHM : HANM.5.2583|Natural Sciences|Palaeobiology|GNM: Hancock Temporary Numbers|1|fossil plant||Lepidodendron|||||||||||||||||||2
139202|NEWHM : HANM.5.2730|Natural Sciences|Palaeobiology|GNM: Hancock Temporary Numbers|13|unidentified specimen||Unidentified specimen.|||||||||||||||||||1
139219|NEWHM : HANM.5.2747|Natural Sciences|Palaeobiology|GNM: Hancock Temporary Numbers|2|fossil crinoid||Unidentified crinoid.|||||||||||||||||||1
139220|NEWHM : HANM.5.2748|Natural Sciences|Palaeobiology|GNM: Hancock Temporary Numbers|1|fossil crinoid||Unidentified crinoid.|||||||||||||||||||1
139221|NEWHM : HANM.5.2749|Natural Sciences|Palaeobiology|GNM: Hancock Temporary Numbers|1|fossil crinoid||Woodocrinus.|||||||||||||||||||1
139222|NEWHM : HANM.5.2750|Natural Sciences|Palaeobiology|GNM: Hancock Temporary Numbers|2|fossil crinoid||Unidentified crinoid.|||||||||||||||||||1
139237|NEWHM : HANM.5.2765|Natural Sciences|Palaeobiology|GNM: Hancock Temporary Numbers|1|fossil fish||Crossopterygian? (jaw)|||||||||||||||||||1
139238|NEWHM : HANM.5.2801|Natural Sciences|Palaeobiology|GNM: Hancock Temporary Numbers||unidentified||Unidentified.|||||||||||||||||||1
139256|NEWHM : HANM.5.2819|Natural Sciences|Palaeobiology|GNM: Hancock Temporary Numbers|1|fossil|fragment|Goniopharis.|||||||||||||||||||1
139295|NEWHM : HANM.5.2858|Natural Sciences|Palaeobiology|GNM: Hancock Temporary Numbers|1|unidentified specimen||Unidentified specimen.|||||||||||||||||||1
139296|NEWHM : HANM.5.2859|Natural Sciences|Palaeobiology|GNM: Hancock Temporary Numbers|3|unidentified specimen||Unidentified specimen.|||||||||||||||||||1
139312|NEWHM : HANM.5.2875|Natural Sciences|Palaeobiology|GNM: Hancock Temporary Numbers|4|unidentified specimen||Unidentified specimen.|||||||||||||||||||1
139313|NEWHM : HANM.5.2876|Natural Sciences|Palaeobiology|GNM: Hancock Temporary Numbers|1|fossil||Worn specimens of kirkbya costata.|||||||||||||||||||1
139314|NEWHM : HANM.5.2877|Natural Sciences|Palaeobiology|GNM: Hancock Temporary Numbers|1|unidentified specimen||Unidentified specimen.|||||||||||||||||||1
139315|NEWHM : HANM.5.2878|Natural Sciences|Palaeobiology|GNM: Hancock Temporary Numbers|1|unidentified specimen||Unidentified specimen.|||||||||||||||||||1
139316|NEWHM : HANM.5.2879|Natural Sciences|Palaeobiology|GNM: Hancock Temporary Numbers||unidentified specimen||Unidentified specimen. Quantity unknown|||||||||||||||||||1
139317|NEWHM : HANM.5.2880|Natural Sciences|Palaeobiology|GNM: Hancock Temporary Numbers|1|unidentified specimen||Unidentified specimen.|||||||||||||||||||1
139318|NEWHM : HANM.5.2881|Natural Sciences|Palaeobiology|GNM: Hancock Temporary Numbers|2|unidentified specimen||Unidentified specimen.|||||||||||||||||||1
139319|NEWHM : HANM.5.2882|Natural Sciences|Palaeobiology|GNM: Hancock Temporary Numbers|1|unidentified specimen||Unidentified specimen.|||||||||||||||||||1
139320|NEWHM : HANM.5.2883|Natural Sciences|Palaeobiology|GNM: Hancock Temporary Numbers|1|unidentified specimen||Unidentified specimen.|||||||||||||||||||1
139321|NEWHM : HANM.5.2884|Natural Sciences|Palaeobiology|GNM: Hancock Temporary Numbers|1|fossil plant||Neuropteris sp.|||||||||||||||||||1
139322|NEWHM : HANM.5.2885|Natural Sciences|Palaeobiology|GNM: Hancock Temporary Numbers|1|unidentified specimen||Unidentified specimen.|||||||||||||||||||1
139327|NEWHM : HANM.5.2890|Natural Sciences|Palaeobiology|GNM: Hancock Temporary Numbers||nodule||Nodule.|||||||||||||||||||1
139348|NEWHM : HANM.5.2911|Natural Sciences|Palaeobiology|GNM: Hancock Temporary Numbers||brachiopods or bivalves (?)||Brachiopods or bivalves.|||||||||||||||||||1
139349|NEWHM : HANM.5.2912|Natural Sciences|Palaeobiology|GNM: Hancock Temporary Numbers|4|unidentified specimen||Unidentified specimen.|||||||||||||||||||1
139350|NEWHM : HANM.5.2913|Natural Sciences|Palaeobiology|GNM: Hancock Temporary Numbers|3|astarte elegans (?)||Astarte elegans.|||||||||||||||||||1
139351|NEWHM : HANM.5.2914|Natural Sciences|Palaeobiology|GNM: Hancock Temporary Numbers|1|unidentified specimen||Unidentified specimen.|||||||||||||||||||1
139357|NEWHM : HANM.5.2920|Natural Sciences|Palaeobiology|GNM: Hancock Temporary Numbers|7|unidentified specimen ||Unidentified specimen.|||||||||||||||||||1
139363|NEWHM : HANM.5.2926|Natural Sciences|Palaeobiology|GNM: Hancock Temporary Numbers|1|unidentified specimen||Unidentified specimen.|||||||||||||||||||1
139364|NEWHM : HANM.5.2927|Natural Sciences|Palaeobiology|GNM: Hancock Temporary Numbers||fossil slide||Various slides of fossils.|||||||||||||||||||1
139365|NEWHM : HANM.5.2928|Natural Sciences|Palaeobiology|GNM: Hancock Temporary Numbers|1|unidentified specimen||Unidentified specimen.|||||||||||||||||||1
139366|NEWHM : HANM.5.2929|Natural Sciences|Palaeobiology|GNM: Hancock Temporary Numbers|18|unidentified specimen||Unidentified specimen.|||||||||||||||||||1
139367|NEWHM : HANM.5.2930|Natural Sciences|Palaeobiology|GNM: Hancock Temporary Numbers|1|unidentified specimen||Unidentified specimen.|||||||||||||||||||1
139368|NEWHM : HANM.5.2931|Natural Sciences|Palaeobiology|GNM: Hancock Temporary Numbers|1|unidentified specimen||Unidentified specimen.|||||||||||||||||||1
139369|NEWHM : HANM.5.2932|Natural Sciences|Palaeobiology|GNM: Hancock Temporary Numbers|4|unidentified specimen||Unidentified specimen.|||||||||||||||||||1
139370|NEWHM : HANM.5.2933|Natural Sciences|Palaeobiology|GNM: Hancock Temporary Numbers|1|unidentified specimen||Unidentified specimen.|||||||||||||||||||1
139371|NEWHM : HANM.5.2934|Natural Sciences|Palaeobiology|GNM: Hancock Temporary Numbers||unidentified specimen||Unidentified specimen. Quantity unknown.|||||||||||||||||||1
139372|NEWHM : HANM.5.2935|Natural Sciences|Palaeobiology|GNM: Hancock Temporary Numbers|6|unidentified specimen ||Unidentified specimen.|||||||||||||||||||1
139373|NEWHM : HANM.5.2936|Natural Sciences|Palaeobiology|GNM: Hancock Temporary Numbers|1|unidentified specimen||Unidentified specimen.|||||||||||||||||||1
139374|NEWHM : HANM.5.2937|Natural Sciences|Palaeobiology|GNM: Hancock Temporary Numbers|1|unidentified specimen||Unidentified specimen.|||||||||||||||||||1
139375|NEWHM : HANM.5.2938|Natural Sciences|Palaeobiology|GNM: Hancock Temporary Numbers|1|unidentified specimen||Unidentified specimen.|||||||||||||||||||1
139376|NEWHM : HANM.5.2939|Natural Sciences|Palaeobiology|GNM: Hancock Temporary Numbers|3|unidentified specimen||Unidentified specimen.|||||||||||||||||||1
139377|NEWHM : HANM.5.2940|Natural Sciences|Palaeobiology|GNM: Hancock Temporary Numbers|1|unidentified specimen||Unidentified specimen.|||||||||||||||||||1
139378|NEWHM : HANM.5.2941|Natural Sciences|Palaeobiology|GNM: Hancock Temporary Numbers||unidentified specimen||Unidentified specimen. Quantity unknown.|||||||||||||||||||1
139379|NEWHM : HANM.5.2942|Natural Sciences|Palaeobiology|GNM: Hancock Temporary Numbers||unidentified specimen||Unidentified specimen. Quantity unknown.|||||||||||||||||||1
139380|NEWHM : HANM.5.2943|Natural Sciences|Palaeobiology|GNM: Hancock Temporary Numbers|1|unidentified specimen||Unidentified specimen.|||||||||||||||||||1
139381|NEWHM : HANM.5.2944|Natural Sciences|Palaeobiology|GNM: Hancock Temporary Numbers|4|unidentified specimen||Unidentified specimen.|||||||||||||||||||1
139382|NEWHM : HANM.5.2945|Natural Sciences|Palaeobiology|GNM: Hancock Temporary Numbers|1|unidentified specimen||Unidentified specimen.|||||||||||||||||||2
139383|NEWHM : HANM.5.2946|Natural Sciences|Palaeobiology|GNM: Hancock Temporary Numbers|1|unidentified specimen||Unidentified specimen.|||||||||||||||||||2
139384|NEWHM : HANM.5.2947|Natural Sciences|Palaeobiology|GNM: Hancock Temporary Numbers|1|unidentified specimen||Unidentified specimen.|||||||||||||||||||2
139385|NEWHM : HANM.5.2948|Natural Sciences|Palaeobiology|GNM: Hancock Temporary Numbers|1|unidentified specimen||Unidentified specimen.|||||||||||||||||||2
139386|NEWHM : HANM.5.2949|Natural Sciences|Palaeobiology|GNM: Hancock Temporary Numbers|1|unidentified specimen||Unidentified specimen.|||||||||||||||||||1
139387|NEWHM : HANM.5.2950|Natural Sciences|Palaeobiology|GNM: Hancock Temporary Numbers|1|unidentified specimen||Unidentified specimen.|||||||||||||||||||1
139389|NEWHM : HANM.5.2952|Natural Sciences|Palaeobiology|GNM: Hancock Temporary Numbers|3|fossil bivalve||Unidentified specimen.|||||||||||||||||||1
139390|NEWHM : HANM.5.2953|Natural Sciences|Palaeobiology|GNM: Hancock Temporary Numbers|13|unidentified specimen||Unidentified specimen.|||||||||||||||||||1
139391|NEWHM : HANM.5.2954|Natural Sciences|Palaeobiology|GNM: Hancock Temporary Numbers|1|unidentified specimen||Unidentified specimen.|||||||||||||||||||1
139393|NEWHM : HANM.5.2956|Natural Sciences|Palaeobiology|GNM: Hancock Temporary Numbers|6|unidentified specimen ||Unidentified specimen.|||||||||||||||||||1
139394|NEWHM : HANM.5.2957|Natural Sciences|Palaeobiology|GNM: Hancock Temporary Numbers|1|unidentified specimen||Unidentified specimen.|||||||||||||||||||1
139395|NEWHM : HANM.5.2958|Natural Sciences|Palaeobiology|GNM: Hancock Temporary Numbers|11|fossil bivalve||Unidentified specimen.|||||||||||||||||||1
139396|NEWHM : HANM.5.2959|Natural Sciences|Palaeobiology|GNM: Hancock Temporary Numbers|5|fossil bivalve||Unidentified specimen.|||||||||||||||||||1
139397|NEWHM : HANM.5.2960|Natural Sciences|Palaeobiology|GNM: Hancock Temporary Numbers|17|fossil brachiopod||Unidentified specimen.|||||||||||||||||||1
139430|NEWHM : HANM.5.2993|Natural Sciences|Palaeobiology|GNM: Hancock Temporary Numbers|6|unidentified specimen ||Unidentified specimen.|||||||||||||||||||1
139431|NEWHM : HANM.5.2994|Natural Sciences|Palaeobiology|GNM: Hancock Temporary Numbers|18|unidentified specimen||Unidentified specimen.|||||||||||||||||||1
139432|NEWHM : HANM.5.2995|Natural Sciences|Palaeobiology|GNM: Hancock Temporary Numbers|2|unidentified specimen||Unidentified specimen.|||||||||||||||||||1
139433|NEWHM : HANM.5.2996|Natural Sciences|Palaeobiology|GNM: Hancock Temporary Numbers||coal measures ? (? - quantity unknown)||Coal measures ?.|||||||||||||||||||1
139434|NEWHM : HANM.5.2997|Natural Sciences|Palaeobiology|GNM: Hancock Temporary Numbers||coal measures ? (? - quantity unknown)||Coal measures ?.|||||||||||||||||||1
139435|NEWHM : HANM.5.2998|Natural Sciences|Palaeobiology|GNM: Hancock Temporary Numbers||coal measures (? - quantity unknown)||Coal measures.|||||||||||||||||||1
139436|NEWHM : HANM.5.2999|Natural Sciences|Palaeobiology|GNM: Hancock Temporary Numbers||coal measures (? - quantity unknown)||Coal measures.|||||||||||||||||||1
139437|NEWHM : HANM.5.3000|Natural Sciences|Palaeobiology|GNM: Hancock Temporary Numbers|3|fossil||Coal measures ?.|||||||||||||||||||1
139438|NEWHM : HANM.5.3001|Natural Sciences|Palaeobiology|GNM: Hancock Temporary Numbers||coal measures (? - quantity unknown)||Coal measures.|||||||||||||||||||1
139439|NEWHM : HANM.5.3002|Natural Sciences|Palaeobiology|GNM: Hancock Temporary Numbers||coal measures (? - quantity unknown)||Coal measures.|||||||||||||||||||1
139440|NEWHM : HANM.5.3003|Natural Sciences|Palaeobiology|GNM: Hancock Temporary Numbers||coal measures (? - quantity unknown)||Coal measures.|||||||||||||||||||1
139441|NEWHM : HANM.5.3004|Natural Sciences|Palaeobiology|GNM: Hancock Temporary Numbers|7|fossil crinoid||Crinoid calyx and 6 other fossils.|||||||||||||||||||1
139442|NEWHM : HANM.5.3005|Natural Sciences|Palaeobiology|GNM: Hancock Temporary Numbers||goniatite / nautiloid||Goniatite / nautiloid.|||||||||||||||||||1
139443|NEWHM : HANM.5.3006|Natural Sciences|Palaeobiology|GNM: Hancock Temporary Numbers|4|fossil fish||2 sheels and 2 fish ring vertebrae.|||||||||||||||||||1
139444|NEWHM : HANM.5.3007|Natural Sciences|Palaeobiology|GNM: Hancock Temporary Numbers|13|fossil||Fossils.|||||||||||||||||||1
139445|NEWHM : HANM.5.3008|Natural Sciences|Palaeobiology|GNM: Hancock Temporary Numbers|13|fossil||Fossils.|||||||||||||||||||1
139503|NEWHM : HANM.5.3171|Natural Sciences|Palaeobiology|GNM: Hancock Temporary Numbers|1|fossil, fish||Box of fossil fish from Cullercoats. Quantity unknown|||||||||||||||||||1
139692|NEWHM : HANM.5.3529|Natural Sciences|Palaeobiology|GNM: Hancock Temporary Numbers|1|unidentified specimen||Unidentified specimen.|||||||||||||||||||1
139693|NEWHM : HANM.5.3530|Natural Sciences|Palaeobiology|GNM: Hancock Temporary Numbers|1|unidentified specimen||Unidentified specimen.|||||||||||||||||||1
139694|NEWHM : HANM.5.3531|Natural Sciences|Palaeobiology|GNM: Hancock Temporary Numbers|1|unidentified specimen||Unidentified specimen.|||||||||||||||||||1
139695|NEWHM : HANM.5.3532|Natural Sciences|Palaeobiology|GNM: Hancock Temporary Numbers|2|unidentified specimen||Unidentified specimen.|||||||||||||||||||1
139696|NEWHM : HANM.5.3533|Natural Sciences|Palaeobiology|GNM: Hancock Temporary Numbers||unidentified specimen||Unidentified specimen. Quantity unknown.|||||||||||||||||||1
139697|NEWHM : HANM.5.3534|Natural Sciences|Palaeobiology|GNM: Hancock Temporary Numbers||unidentified specimen||Unidentified specimen. Quantity unknown.|||||||||||||||||||1
139698|NEWHM : HANM.5.3535|Natural Sciences|Palaeobiology|GNM: Hancock Temporary Numbers|6|fossil brachiopod||Brachiopods.|||||||||||||||||||1
139699|NEWHM : HANM.5.3536|Natural Sciences|Palaeobiology|GNM: Hancock Temporary Numbers||rhynchonella sp (? - quantity unknown)||Rhynchonella sp.|||||||||||||||||||1
139700|NEWHM : HANM.5.3537|Natural Sciences|Palaeobiology|GNM: Hancock Temporary Numbers||brachythris pinguis||Brachythris pinguis.|||||||||||||||||||1
139701|NEWHM : HANM.5.3538|Natural Sciences|Palaeobiology|GNM: Hancock Temporary Numbers|1|unidentified specimen||Unidentified specimen.|||||||||||||||||||1
139702|NEWHM : HANM.5.3539|Natural Sciences|Palaeobiology|GNM: Hancock Temporary Numbers|1|fossil||Limestone with brachiopods.|||||||||||||||||||1
139708|NEWHM : HANM.5.3545|Natural Sciences|Palaeobiology|GNM: Hancock Temporary Numbers|1|fossil vertebrate||Archaeopteryx lithographica.|||||||||||||||||||2
139709|NEWHM : HANM.5.3546|Natural Sciences|Palaeobiology|GNM: Hancock Temporary Numbers|1|fossil vertebrate||Compsognathus.|||||||||||||||||||2
139710|NEWHM : HANM.5.3547|Natural Sciences|Palaeobiology|GNM: Hancock Temporary Numbers|1|cast||Archaeopteryx cast.|||||||||||||||||||2
139758|NEWHM : HANM.5.3661|Natural Sciences|Palaeobiology|GNM: Hancock Temporary Numbers|1|fossil limestone (open display sedimentary)||Fossil limestone.|||||||||||||||||||8
143253|NEWHM : HANM.509|Natural Sciences|Palaeobiology|GNM: Hancock Temporary Numbers|1|fossil trilobite||Trilobite. (Ogigiocaris selwyni, wales, ordovician fossils drawer.||||||||||UK, Wales|||||||||1
143259|NEWHM : HANM.518|Natural Sciences|Palaeobiology|GNM: Hancock Temporary Numbers|1|fossil coral||Coral (lonsdaleia floriformis, carboniferous fossils drawer 2).|||||||||||||||||||6
143264|NEWHM : HANM.523|Natural Sciences|Palaeobiology|GNM: Hancock Temporary Numbers|1|fossil brachiopod||Brachiopod (horridonia horrida, humbledon hill sunderland, permian fossils drawer 1)|||||||||||||||||||1
143265|NEWHM : HANM.524|Natural Sciences|Palaeobiology|GNM: Hancock Temporary Numbers|1|fossil brachiopod||Brachiopod 'horridonia horrida', Humbledon Hill, Sunderland, permian fossils drawer 1.|||||||||||||||||||1
143268|NEWHM : HANM.527|Natural Sciences|Palaeobiology|GNM: Hancock Temporary Numbers|1|fossil marine reptile||Ichthyosaur vertebra. (ichthyosaurus, jurassic fossils drawer 1)|||||||||||||||||||1
143273|NEWHM : HANM.532|Natural Sciences|Palaeobiology|GNM: Hancock Temporary Numbers|1|fossil gastropod||Gastropod. (bathrotomaria, jurassic fossils drawer 2)|||||||||||||||||||1
143274|NEWHM : HANM.533|Natural Sciences|Palaeobiology|GNM: Hancock Temporary Numbers|1|fossil plant||Horsetail plant (jurassic fossils drawer 2)|||||||||||||||||||1
143275|NEWHM : HANM.534|Natural Sciences|Palaeobiology|GNM: Hancock Temporary Numbers|1|plant leaves (otozanites feistmanteli, jurassic fossils drawer 2)||Plant leaves.|||||||||||||||||||1
143276|NEWHM : HANM.535|Natural Sciences|Palaeobiology|GNM: Hancock Temporary Numbers|1|fossil coral||Coral (Thecosmilia, Jurassic fossils drawer 2)|||||||||||||||||||1
143277|NEWHM : HANM.536|Natural Sciences|Palaeobiology|GNM: Hancock Temporary Numbers|2|fossil ammonite||Asteroceras obtusum, jurassic fossils drawer 2).|||||||||||||||||||1
143282|NEWHM : HANM.542|Natural Sciences|Palaeobiology|GNM: Hancock Temporary Numbers|1|fossil fish||Fish (notelops brama, cretaceous fossils drawer)|||||||||||||||||||11
143284|NEWHM : HANM.544|Natural Sciences|Palaeobiology|GNM: Hancock Temporary Numbers|1|fossil gastropod||Gastropod or sea-snail (volutocorbis ambigua 1, tertiary fossils drawer 3)|||||||||||||||||||11
143300|NEWHM : HANM.570|Natural Sciences|Palaeobiology|GNM: Hancock Temporary Numbers|1|fossil bryozoan||Bryozoan sea fan (Fenestella, Permian and Triassic fossils case)||||||||||||||||||incorrect identifier, the correct number is NEWHM : HANM.570|1
143303|NEWHM : HANM.582|Natural Sciences|Palaeobiology|GNM: Hancock Temporary Numbers|1|fossil vertebrate|Dinosaur|Dinosaur bone (Cretaceous, Jurassic and Cretaceous fossils case)|||||||||||||||||||1
143308|NEWHM : HANM.591|Natural Sciences|Palaeobiology|GNM: Hancock Temporary Numbers|1|fossil mammal|tusk|Elephant tusk.|||||||||||||||||||1
143315|NEWHM : HANM.629|Natural Sciences|Palaeobiology|GNM: Hancock Temporary Numbers|1|fossil vertebrate||Unidentified specimen (sphenoid bone).|||||||||||||||||||1
143681|NEWHM : HANM.1685|Natural Sciences|Palaeobiology|GNM: Hancock Temporary Numbers|17|specimen||17 unaccessioned specimens.|||||||||||||||||||1
143686|NEWHM : HANM.1690|Natural Sciences|Palaeobiology|GNM: Hancock Temporary Numbers|14|specimen||14 unaccessioned specimens.|||||||||||||||||||1
143696|NEWHM : HANM.1701|Natural Sciences|Palaeobiology|GNM: Hancock Temporary Numbers|1|unidentified||1 bag of unaccessioned material.|||||||||||||||||||1
143697|NEWHM : HANM.1702|Natural Sciences|Palaeobiology|GNM: Hancock Temporary Numbers|11|specimen||11 unaccessioned specimens.|||||||||||||||||||1
143698|NEWHM : HANM.1703|Natural Sciences|Palaeobiology|GNM: Hancock Temporary Numbers|10|specimen||10 unaccessioned specimens.|||||||||||||||||||1
143699|NEWHM : HANM.1704|Natural Sciences|Palaeobiology|GNM: Hancock Temporary Numbers|2|specimen||2 bagged unaccessioned specimens.|||||||||||||||||||1
143700|NEWHM : HANM.1705|Natural Sciences|Palaeobiology|GNM: Hancock Temporary Numbers|1|specimen||1 unaccessioned specimen.|||||||||||||||||||1
143701|NEWHM : HANM.1706|Natural Sciences|Palaeobiology|GNM: Hancock Temporary Numbers|3|specimens||3 bagged unaccessioned specimens.|||||||||||||||||||1
143702|NEWHM : HANM.1707|Natural Sciences|Palaeobiology|GNM: Hancock Temporary Numbers|6|specimen||6 unaccessioned specimens.|||||||||||||||||||1
143739|NEWHM : HANM.1865|Natural Sciences|Palaeobiology|GNM: Hancock Temporary Numbers|7|fossil plant||Bags of fossil plants (7).|||||||||||||||||||1
143915|NEWHM : HANM.2931|Natural Sciences|Palaeobiology|GNM: Hancock Temporary Numbers|1|unidentified specimen||Unidentified specimen.|||||||||||||||||||1
143916|NEWHM : HANM.2932|Natural Sciences|Palaeobiology|GNM: Hancock Temporary Numbers||cordaioxylon||Cordaioxylon.|||||||||||||||||||1
143917|NEWHM : HANM.2933|Natural Sciences|Palaeobiology|GNM: Hancock Temporary Numbers|1|unidentified specimen||Unidentified specimen.|||||||||||||||||||1
143918|NEWHM : HANM.2934|Natural Sciences|Palaeobiology|GNM: Hancock Temporary Numbers|1|fossil plant||Fossil wood.|||||||||||||||||||1
143919|NEWHM : HANM.2935|Natural Sciences|Palaeobiology|GNM: Hancock Temporary Numbers|1|unidentified specimen||Unidentified specimen.|||||||||||||||||||1
143920|NEWHM : HANM.2936|Natural Sciences|Palaeobiology|GNM: Hancock Temporary Numbers|1|fossil plant||Fossil wood.|||||||||||||||||||1
143921|NEWHM : HANM.2937|Natural Sciences|Palaeobiology|GNM: Hancock Temporary Numbers|1|fossil plant||Fossil wood.|||||||||||||||||||1
143922|NEWHM : HANM.2938|Natural Sciences|Palaeobiology|GNM: Hancock Temporary Numbers|1|fossil plant||Fossil wood.|||||||||||||||||||1
143923|NEWHM : HANM.2939|Natural Sciences|Palaeobiology|GNM: Hancock Temporary Numbers|1|unidentified specimen||Unidentified specimen.|||||||||||||||||||1
143924|NEWHM : HANM.2940|Natural Sciences|Palaeobiology|GNM: Hancock Temporary Numbers|2|unidentified specimen||Unidentified specimen.|||||||||||||||||||1
143925|NEWHM : HANM.2941|Natural Sciences|Palaeobiology|GNM: Hancock Temporary Numbers|1|unidentified specimen||Unidentified specimen.|||||||||||||||||||1
143927|NEWHM : HANM.2943|Natural Sciences|Palaeobiology|GNM: Hancock Temporary Numbers|1|unidentified specimen||Unidentified specimen.|||||||||||||||||||1
143929|NEWHM : HANM.2945|Natural Sciences|Palaeobiology|GNM: Hancock Temporary Numbers|16|unidentified specimen||Box of unidentified specimens.|||||||||||||||||||1
143930|NEWHM : HANM.2946|Natural Sciences|Palaeobiology|GNM: Hancock Temporary Numbers|1|unidentified specimen||Unidentified specimen.|||||||||||||||||||1
143931|NEWHM : HANM.2947|Natural Sciences|Palaeobiology|GNM: Hancock Temporary Numbers|1|fossil plant||Fossil wood.|||||||||||||||||||1
143932|NEWHM : HANM.2948|Natural Sciences|Palaeobiology|GNM: Hancock Temporary Numbers|1|unidentified specimen||Unidentified specimen.|||||||||||||||||||1
143933|NEWHM : HANM.2949|Natural Sciences|Palaeobiology|GNM: Hancock Temporary Numbers|1|fossil plant||Fossil wood.|||||||||||||||||||1
143947|NEWHM : HANM.2965|Natural Sciences|Palaeobiology|GNM: Hancock Temporary Numbers|1|fossil plant||Fern stem.|||||||||||||||||||1
143948|NEWHM : HANM.2966|Natural Sciences|Palaeobiology|GNM: Hancock Temporary Numbers|1|fossil plant||Unidentified specimen.|||||||||||||||||||1
143949|NEWHM : HANM.2967|Natural Sciences|Palaeobiology|GNM: Hancock Temporary Numbers|1|unidentified specimen||Unidentified specimen.|||||||||||||||||||1
143950|NEWHM : HANM.2968|Natural Sciences|Palaeobiology|GNM: Hancock Temporary Numbers|1|unidentified specimen||Unidentified specimen.|||||||||||||||||||1
143951|NEWHM : HANM.2969|Natural Sciences|Palaeobiology|GNM: Hancock Temporary Numbers|1|unidentified specimen||Unidentified specimen.|||||||||||||||||||1
143952|NEWHM : HANM.2970|Natural Sciences|Palaeobiology|GNM: Hancock Temporary Numbers|1|unidentified specimen||Unidentified specimen.|||||||||||||||||||1
143953|NEWHM : HANM.2971|Natural Sciences|Palaeobiology|GNM: Hancock Temporary Numbers|5|fossil plant||Unidentified specimen.|||||||||||||||||||1
143954|NEWHM : HANM.2972|Natural Sciences|Palaeobiology|GNM: Hancock Temporary Numbers|1|unidentified specimen||Unidentified specimen.|||||||||||||||||||1
143955|NEWHM : HANM.2973|Natural Sciences|Palaeobiology|GNM: Hancock Temporary Numbers|1|unidentified specimen||Unidentified specimen.|||||||||||||||||||1
143956|NEWHM : HANM.2974|Natural Sciences|Palaeobiology|GNM: Hancock Temporary Numbers|1|fossil plant||Unidentified plant fossil.|||||||||||||||||||1
143957|NEWHM : HANM.2975|Natural Sciences|Palaeobiology|GNM: Hancock Temporary Numbers|1|fossil plant||Unidentified plant fossil.|||||||||||||||||||1
143958|NEWHM : HANM.2976|Natural Sciences|Palaeobiology|GNM: Hancock Temporary Numbers|1|fossil plant||Unidentified plant fossil.|||||||||||||||||||1
143959|NEWHM : HANM.2977|Natural Sciences|Palaeobiology|GNM: Hancock Temporary Numbers|1|fossil plant||Unidentified plant fossil.|||||||||||||||||||1
143961|NEWHM : HANM.2979|Natural Sciences|Palaeobiology|GNM: Hancock Temporary Numbers|1|fossil plant||Unidentified plant fossil.|||||||||||||||||||1
143962|NEWHM : HANM.2980|Natural Sciences|Palaeobiology|GNM: Hancock Temporary Numbers|1|fossil plant||Unidentified plant fossil.|||||||||||||||||||1
143963|NEWHM : HANM.2981|Natural Sciences|Palaeobiology|GNM: Hancock Temporary Numbers|1|fossil plant||Unidentified plant fossil.|||||||||||||||||||1
143964|NEWHM : HANM.2982|Natural Sciences|Palaeobiology|GNM: Hancock Temporary Numbers|1|fossil plant||Unidentified plant fossil.|||||||||||||||||||1
143965|NEWHM : HANM.2983|Natural Sciences|Palaeobiology|GNM: Hancock Temporary Numbers|1|fossil plant||Unidentified plant fossil.|||||||||||||||||||1
143966|NEWHM : HANM.2984|Natural Sciences|Palaeobiology|GNM: Hancock Temporary Numbers|1|fossil plant||Unidentified plant fossil.|||||||||||||||||||1
143967|NEWHM : HANM.2985|Natural Sciences|Palaeobiology|GNM: Hancock Temporary Numbers|1|fossil plant||Unidentified plant fossil.|||||||||||||||||||1
143968|NEWHM : HANM.2986|Natural Sciences|Palaeobiology|GNM: Hancock Temporary Numbers|1|fossil plant||Unidentified plant fossil.|||||||||||||||||||1
143969|NEWHM : HANM.2987|Natural Sciences|Palaeobiology|GNM: Hancock Temporary Numbers|1|fossil plant||Unidentified plant fossil.|||||||||||||||||||1
143970|NEWHM : HANM.2988|Natural Sciences|Palaeobiology|GNM: Hancock Temporary Numbers|1|fossil plant||Unidentified plant fossil.|||||||||||||||||||1
143971|NEWHM : HANM.2989|Natural Sciences|Palaeobiology|GNM: Hancock Temporary Numbers|1|fossil plant||Unidentified plant fossil.|||||||||||||||||||1
143972|NEWHM : HANM.2990|Natural Sciences|Palaeobiology|GNM: Hancock Temporary Numbers|1|fossil plant||Tree trunk.|||||||||||||||||||1
143973|NEWHM : HANM.2991|Natural Sciences|Palaeobiology|GNM: Hancock Temporary Numbers|1|fossil plant||Spores of lepid.|||||||||||||||||||1
143974|NEWHM : HANM.2992|Natural Sciences|Palaeobiology|GNM: Hancock Temporary Numbers|1|fossil plant||Unidentified specimen.|||||||||||||||||||1
143975|NEWHM : HANM.2993|Natural Sciences|Palaeobiology|GNM: Hancock Temporary Numbers|2|unidentified specimen||Unidentified specimen.|||||||||||||||||||1
143976|NEWHM : HANM.2994|Natural Sciences|Palaeobiology|GNM: Hancock Temporary Numbers|1|unidentified specimen||Unidentified specimen.|||||||||||||||||||1
143977|NEWHM : HANM.2995|Natural Sciences|Palaeobiology|GNM: Hancock Temporary Numbers|1|unidentified specimen||Unidentified specimen.|||||||||||||||||||1
144052|NEWHM : HANM.3549|Natural Sciences|Palaeobiology|GNM: Hancock Temporary Numbers|9|fossil crustacean|barnacle|Barnacles (8).|||||||||||||||||||1
133467|NEWHM : HANM.3.3186|Natural Sciences|Palaeobiology|GNM: Hancock Temporary Numbers||fossil wood||Fossil wood.|||||||||||||||||||1
133468|NEWHM : HANM.3.3187|Natural Sciences|Palaeobiology|GNM: Hancock Temporary Numbers||fossil wood||Fossil wood.|||||||||||||||||||1
133469|NEWHM : HANM.3.3188|Natural Sciences|Palaeobiology|GNM: Hancock Temporary Numbers||fossil wood||Fossil wood.|||||||||||||||||||1
133470|NEWHM : HANM.3.3189|Natural Sciences|Palaeobiology|GNM: Hancock Temporary Numbers||fossil wood||Fossil wood.|||||||||||||||||||1
133471|NEWHM : HANM.3.3190|Natural Sciences|Palaeobiology|GNM: Hancock Temporary Numbers||fossil wood||Fossil wood.|||||||||||||||||||1
133864|NEWHM : HANM.3.3614|Natural Sciences|Palaeobiology|GNM: Hancock Temporary Numbers|13|fossil||Specimens including variabilis, sulcata, simplex, crassirostris.|||||||||||||||||||1
134764|NEWHM : HANM.3.4539|Natural Sciences|Palaeobiology|GNM: Hancock Temporary Numbers|1|fossil fish||Acentrophorus sp.|||||||||||||||||||1
134765|NEWHM : HANM.3.4540|Natural Sciences|Palaeobiology|GNM: Hancock Temporary Numbers|1|fossil fish||Acentrophorus sp.|||||||||||||||||||1
135078|NEWHM : HANM.3.4973|Natural Sciences|Palaeobiology|GNM: Hancock Temporary Numbers||fossil wood||Fossil wood.|||||||||||||||||||1
135079|NEWHM : HANM.3.4974|Natural Sciences|Palaeobiology|GNM: Hancock Temporary Numbers||fossil wood||Fossil wood.|||||||||||||||||||1
136913|NEWHM : HANM.5.93|Natural Sciences|Palaeobiology|GNM: Hancock Temporary Numbers||cast|fossil fish|Cast of Eusthenoptgion.|||||||||||||||||||1
136951|NEWHM : HANM.5.132|Natural Sciences|Palaeobiology|GNM: Hancock Temporary Numbers|1|fossil||Algal nodules (tag only).|||||||||||||||||||1
137211|NEWHM : HANM.5.423|Natural Sciences|Palaeobiology|GNM: Hancock Temporary Numbers|16|assorted fossil and minerals (16)||Assorted fossils and minerals, including garnet, calcite, Concretionary Limestone.|||||||||||||||||||1
137212|NEWHM : HANM.5.424|Natural Sciences|Palaeobiology|GNM: Hancock Temporary Numbers|13|fossil, rock, model||Assorted fossils and rocks including model of a belemnite.|||||||||||||||||||1
137299|NEWHM : HANM.5.513|Natural Sciences|Palaeobiology|GNM: Hancock Temporary Numbers|1|cast||Anoplotherium commune.|||||||||||||||||||1
137307|NEWHM : HANM.5.521|Natural Sciences|Palaeobiology|GNM: Hancock Temporary Numbers|1|fossil||Anoplotherium commune.|||||||||||||||||||1
137309|NEWHM : HANM.5.523|Natural Sciences|Palaeobiology|GNM: Hancock Temporary Numbers|1|fossil||Anoplotherium commune.|||||||||||||||||||1
137310|NEWHM : HANM.5.524|Natural Sciences|Palaeobiology|GNM: Hancock Temporary Numbers|1|fossil||Anoplotherium commune.|||||||||||||||||||1
137645|NEWHM : HANM.5.1028|Natural Sciences|Palaeobiology|GNM: Hancock Temporary Numbers|17|fossil||Various unidentified fossils.|||||||||||||||||||1
137677|NEWHM : HANM.5.1060|Natural Sciences|Palaeobiology|GNM: Hancock Temporary Numbers|1|fossil plant||Fossil wood.|||||||||||||||||||1
137679|NEWHM : HANM.5.1062|Natural Sciences|Palaeobiology|GNM: Hancock Temporary Numbers||fossil wood||Fossil wood with microcanchus.|||||||||||||||||||1
137769|NEWHM : HANM.5.1152|Natural Sciences|Palaeobiology|GNM: Hancock Temporary Numbers|2|fossil bivalve||Sanguinolites sp.|||||||||||||||||||1
137771|NEWHM : HANM.5.1154|Natural Sciences|Palaeobiology|GNM: Hancock Temporary Numbers|2|fossil||Sanguinolites.|||||||||||||||||||1
137932|NEWHM : HANM.5.1372|Natural Sciences|Palaeobiology|GNM: Hancock Temporary Numbers|6|fossil brachiopod||Eomarginifera.|||||||||||||||||||1
137948|NEWHM : HANM.5.1388|Natural Sciences|Palaeobiology|GNM: Hancock Temporary Numbers||fossil wood||Fossil wood.|||||||||||||||||||1
138255|NEWHM : HANM.5.1702|Natural Sciences|Palaeobiology|GNM: Hancock Temporary Numbers|1|fossil||Acanthostega gunnari.|||||||||||||||||||1
138291|NEWHM : HANM.5.1738|Natural Sciences|Palaeobiology|GNM: Hancock Temporary Numbers|1|fossil||Aethenetmon valentiacum.|||||||||||||||||||1
138292|NEWHM : HANM.5.1739|Natural Sciences|Palaeobiology|GNM: Hancock Temporary Numbers|2|fossil fish||Aethenetmon valentiacum.|||||||||||||||||||1
138295|NEWHM : HANM.5.1742|Natural Sciences|Palaeobiology|GNM: Hancock Temporary Numbers|1|fossil||Aethenetmon valentiacum.|||||||||||||||||||1
138296|NEWHM : HANM.5.1743|Natural Sciences|Palaeobiology|GNM: Hancock Temporary Numbers|1|fossil||Aethenetmon valentiacum.|||||||||||||||||||1
138297|NEWHM : HANM.5.1744|Natural Sciences|Palaeobiology|GNM: Hancock Temporary Numbers|1|fossil||Aethenetmon valentiacum.|||||||||||||||||||1
138298|NEWHM : HANM.5.1745|Natural Sciences|Palaeobiology|GNM: Hancock Temporary Numbers|1|fossil||Aethenetmon valentiacum.|||||||||||||||||||1
138299|NEWHM : HANM.5.1746|Natural Sciences|Palaeobiology|GNM: Hancock Temporary Numbers|1|fossil||Aethenetmon valentiacum.|||||||||||||||||||1
138319|NEWHM : HANM.5.1766|Natural Sciences|Palaeobiology|GNM: Hancock Temporary Numbers||fossil, fish||Rhabdoderma elegans.|||||||||||||||||||1
138320|NEWHM : HANM.5.1767|Natural Sciences|Palaeobiology|GNM: Hancock Temporary Numbers||fossil, fish||Rhabdoderma elegans.|||||||||||||||||||1
138321|NEWHM : HANM.5.1768|Natural Sciences|Palaeobiology|GNM: Hancock Temporary Numbers||fossil, fish||Rhabdoderma elegans.|||||||||||||||||||1
138322|NEWHM : HANM.5.1769|Natural Sciences|Palaeobiology|GNM: Hancock Temporary Numbers||fossil, fish||Rhabdoderma elegans.|||||||||||||||||||1
138323|NEWHM : HANM.5.1770|Natural Sciences|Palaeobiology|GNM: Hancock Temporary Numbers||fossil, fish||Rhabdoderma elegans.|||||||||||||||||||1
138324|NEWHM : HANM.5.1771|Natural Sciences|Palaeobiology|GNM: Hancock Temporary Numbers||fossil, fish||Rhabdoderma elegans.|||||||||||||||||||1
138325|NEWHM : HANM.5.1772|Natural Sciences|Palaeobiology|GNM: Hancock Temporary Numbers||fossil, fish||Rhabdoderma elegans.|||||||||||||||||||1
138326|NEWHM : HANM.5.1773|Natural Sciences|Palaeobiology|GNM: Hancock Temporary Numbers||fossil, fish||Rhabdoderma elegans.|||||||||||||||||||1
138327|NEWHM : HANM.5.1774|Natural Sciences|Palaeobiology|GNM: Hancock Temporary Numbers||fossil, fish||Rhabdoderma elegans.|||||||||||||||||||1
138403|NEWHM : HANM.5.1858|Natural Sciences|Palaeobiology|GNM: Hancock Temporary Numbers|1|rock, fossil||Shale with shell fossils.|||||||||||||||||||1
138571|NEWHM : HANM.5.2041|Natural Sciences|Palaeobiology|GNM: Hancock Temporary Numbers||fossil wood||Fossil wood.|||||||||||||||||||1
138574|NEWHM : HANM.5.2044|Natural Sciences|Palaeobiology|GNM: Hancock Temporary Numbers||fossil wood||Fossil wood.|||||||||||||||||||1
138638|NEWHM : HANM.5.2108|Natural Sciences|Palaeobiology|GNM: Hancock Temporary Numbers||fossil wood||Fossil wood.|||||||||||||||||||1
138653|NEWHM : HANM.5.2123|Natural Sciences|Palaeobiology|GNM: Hancock Temporary Numbers||fossil, bone||Rhaetic bone fragments. Quantity unknown (?)|||||||||||||||||||1
139132|NEWHM : HANM.5.2644|Natural Sciences|Palaeobiology|GNM: Hancock Temporary Numbers|1|fossil plant||Unidentified plant fossil in 10 pieces|||||||||||||||||||1
139158|NEWHM : HANM.5.2685|Natural Sciences|Palaeobiology|GNM: Hancock Temporary Numbers||fossil wood||Iron and silica impregnated fossil wood.|||||||||||||||||||1
139214|NEWHM : HANM.5.2742|Natural Sciences|Palaeobiology|GNM: Hancock Temporary Numbers|1|fossil||Actinoconchus lamellosus.|||||||||||||||||||1
139215|NEWHM : HANM.5.2743|Natural Sciences|Palaeobiology|GNM: Hancock Temporary Numbers|9|fossil||Actinoconchus lamellosus.|||||||||||||||||||1
139259|NEWHM : HANM.5.2822|Natural Sciences|Palaeobiology|GNM: Hancock Temporary Numbers||fossil||Core-ball peels.|||||||||||||||||||1
139260|NEWHM : HANM.5.2823|Natural Sciences|Palaeobiology|GNM: Hancock Temporary Numbers||fossil||Lepidotus mantelli.|||||||||||||||||||1
139261|NEWHM : HANM.5.2824|Natural Sciences|Palaeobiology|GNM: Hancock Temporary Numbers||fossil||Necrolemur antiquus.|||||||||||||||||||1
139263|NEWHM : HANM.5.2826|Natural Sciences|Palaeobiology|GNM: Hancock Temporary Numbers|1|fossil coral||Boulder of carboniferous limestone containing colony of fossil coral.|||||||||||||||||||1
139266|NEWHM : HANM.5.2829|Natural Sciences|Palaeobiology|GNM: Hancock Temporary Numbers|1|fossil brachiopod||Streptorhynchus crenistrica.|||||||||||||||||||1
139688|NEWHM : HANM.5.3425|Natural Sciences|Palaeobiology|GNM: Hancock Temporary Numbers|1|fossil ammonite||Ammonites mutabilis.|||||||||||||||||||14
139721|NEWHM : HANM.5.3596|Natural Sciences|Palaeobiology|GNM: Hancock Temporary Numbers|1|fossil fish||Acrolepis, Marl Slate.|||||||||||||||||||1
140266|NEWHM : HANM.5.4278|Natural Sciences|Palaeobiology|GNM: Hancock Temporary Numbers|1|fossil wood||Fossil wood.|||||||||||||||||||1
140568|NEWHM : HANM.5.4721|Natural Sciences|Palaeobiology|GNM: Hancock Temporary Numbers|1|fossil reptile||Pliosaur or sea reptile teeth (cambridgeshire, jurassic fossil drawer 1).|||||||||||||||||||1
140570|NEWHM : HANM.5.4725|Natural Sciences|Palaeobiology|GNM: Hancock Temporary Numbers|1|fossil fish||Fish fossil.|||||||||||||||||||1
143254|NEWHM : HANM.513|Natural Sciences|Palaeobiology|GNM: Hancock Temporary Numbers|1|fossil|Wenlock Limestone, Wenlock Limestone, Bivalve|Wenlock limestone with bryozoa, bivalves and brachiopods (silurian fossil drawers)|||||||||||||||||||16
143256|NEWHM : HANM.515|Natural Sciences|Palaeobiology|GNM: Hancock Temporary Numbers|1|fossil fish||Armoured fish (Pterichthys cornutus, Inverness, Scotland, Devonian fossils drawer).|||||||||||||||||||13
143258|NEWHM : HANM.517|Natural Sciences|Palaeobiology|GNM: Hancock Temporary Numbers|1|plant fossil||Plant seeds (carpolithes, whitehaven cumbria, carboniferous fossils drawer 1).|||||||||||||||||||13
143261|NEWHM : HANM.520|Natural Sciences|Palaeobiology|GNM: Hancock Temporary Numbers|1|fossil coral||Coral (dibunophyllum bipartitum, frosterly co. durham, carboniferous fossils drawer 2).|||||||||||||||||||10
143301|NEWHM : HANM.574|Natural Sciences|Palaeobiology|GNM: Hancock Temporary Numbers|1|fossil sponge||Sponge (Cretaceous, Jurassic and Cretaceous fossils case)|||||||||||||||||||1
143304|NEWHM : HANM.585|Natural Sciences|Palaeobiology|GNM: Hancock Temporary Numbers|1|fossil fish|Fish|Fossil fish (Ceara brazil, Cretaceous, Jurassic and Cretaceous fossils case)|||||||||||||||||||1
143305|NEWHM : HANM.588|Natural Sciences|Palaeobiology|GNM: Hancock Temporary Numbers|1|cast|Worm|Worm casts (Tertiary and Quaternary fossils case)|||||||||||||||||||1
143306|NEWHM : HANM.589|Natural Sciences|Palaeobiology|GNM: Hancock Temporary Numbers|1|fossil bivalve||Bivalve (Pentuculus pilosus, Tertiary and Quaternary fossils case)|||||||||||||||||||1
143443|NEWHM : HANM.1140|Natural Sciences|Palaeobiology|GNM: Hancock Temporary Numbers||fossil plant||Fossil plant, seed fern (neuropteris sp)|||||||||||||||||||1
143506|NEWHM : HANM.1368|Natural Sciences|Palaeobiology|GNM: Hancock Temporary Numbers||fossil slide||Fossil slide.|||||||||||||||||||1
143600|NEWHM : HANM.1603|Natural Sciences|Palaeobiology|GNM: Hancock Temporary Numbers||fossil wood||Fossil wood.|||||||||||||||||||1
143626|NEWHM : HANM.1630|Natural Sciences|Palaeobiology|GNM: Hancock Temporary Numbers|1|fossil plant||Fossil fruit.|||||||||||||||||||1
143628|NEWHM : HANM.1632|Natural Sciences|Palaeobiology|GNM: Hancock Temporary Numbers|3|fossil plant||Fossil fruit.|||||||||||||||||||1
143730|NEWHM : HANM.1856|Natural Sciences|Palaeobiology|GNM: Hancock Temporary Numbers|1|fossil, slide, key||Large number of envelopes with coal-ball peels and various slides and keys. Including G53.23)|||||||||||||||||||1
143743|NEWHM : HANM.2003.H2488|Natural Sciences|Palaeobiology|GNM: Hancock Temporary Numbers|1|fossil wood||Fossil wood partially pyritised.|||||||||||||||||||1
143936|NEWHM : HANM.2953|Natural Sciences|Palaeobiology|GNM: Hancock Temporary Numbers||fossil wood||Fossil wood.|||||||||||||||||||1
143937|NEWHM : HANM.2954|Natural Sciences|Palaeobiology|GNM: Hancock Temporary Numbers||fossil wood||Fossil wood.|||||||||||||||||||1
143938|NEWHM : HANM.2955|Natural Sciences|Palaeobiology|GNM: Hancock Temporary Numbers||fossil wood||Fossil wood.|||||||||||||||||||1
143939|NEWHM : HANM.2956|Natural Sciences|Palaeobiology|GNM: Hancock Temporary Numbers||fossil wood||Fossil wood.|||||||||||||||||||1
143941|NEWHM : HANM.2958|Natural Sciences|Palaeobiology|GNM: Hancock Temporary Numbers||fossil wood||Fossil wood.|||||||||||||||||||1
143943|NEWHM : HANM.2960|Natural Sciences|Palaeobiology|GNM: Hancock Temporary Numbers||fossil wood||Fossil wood.|||||||||||||||||||1
143960|NEWHM : HANM.2978|Natural Sciences|Palaeobiology|GNM: Hancock Temporary Numbers|1|fossil plant||Unidentified plant fossil.|||||||||||||||||||1
